Crash Number,Date and Time of Crash,Police Shift,Crash Location,Light Conditions,Weather Conditions,Road Surface,Road Contributing Circumstances,Traffic Control Device Type,Roadway Intersection Type,Trafficway Description,Manner of Collision,First Harmful Event,First Harmful Event Location,Speed Limit,Work Zone,Count Fatal Injury ,Count Suspected Serious Injury,Count Suspected Minor Injury ,Count Possible Injury,Count No Apparent Injury,Count Unknown Injury,Count Not Reported Injury,Total Non-Motorists,Pedestrian Involvement (Non-Motorist),Cyclist Involvement (Non-Motorist),Other Non-Motorist Involvement,Non-Motorist Location ,Non-Motorist Action,Non-Motorist Condition,Hit and Run Flag,Latitude,Longitude,Ward,Block Code 
19055217,2019-09-25 13:33:00,Day Shift (8AM - 4PM),"616 BROADWAY Somerville, MA",DAYLIGHT                                          ,CLEAR                                             ,DRY                                               ,NONE                                              ,NO CONTROLS                                       ,NOT AT INTERSECTION                               ,"TWO-WAY, NOT DIVIDED                              ",REAR-END                                          ,COLLISION WITH PARKED MOTOR VEHICLE               ,ROADWAY                                           ,20 ,Y,0,0,0,0,2,0,0,0,0,0,0,,,,Y,42.3987,-71.1094,5,250173503003004
21048200,2021-09-14 16:30:00,First Half (4PM - Midnight),"133 MIDDLESEX AVE Somerville, MA",DAYLIGHT                                          ,CLEAR                                             ,DRY                                               ,NONE                                              ,NO CONTROLS                                       ,NOT AT INTERSECTION                               ,"TWO-WAY, NOT DIVIDED                              ","SIDESWIPE, SAME DIRECTION                         ",COLLISION WITH MOTOR VEHICLE IN TRAFFIC           ,ROADWAY                                           ,25 ,N,0,0,0,0,5,0,0,0,0,0,0,,,,N,42.3947,-71.0828,1,250173501061014
18049006,2018-08-17 10:41:00,Day Shift (8AM - 4PM),"40 COLLEGE AV Somerville, MA",DAYLIGHT                                          ,,DRY                                               ,NONE                                              ,FLASHING TRAFIC CONTROL SIGNAL                    ,NOT AT INTERSECTION                               ,"TWO-WAY, DIVIDED, UNPROTECTED MEDIAN              ","SIDESWIPE, SAME DIRECTION                         ",COLLISION WITH PARKED MOTOR VEHICLE               ,ROADWAY                                           ,,N,0,0,0,0,2,0,0,0,0,0,0,,,,N,42.3981,-71.1217,6,250173505001006
21006477,2021-02-04 09:42:00,Day Shift (8AM - 4PM),"135 WALNUT ST Somerville, MA",DAYLIGHT                                          ,CLEAR                                             ,DRY                                               ,NONE                                              ,NO CONTROLS                                       ,NOT AT INTERSECTION                               ,"ONE-WAY, NOT DIVIDED                              ","SIDESWIPE, SAME DIRECTION                         ",COLLISION WITH PARKED MOTOR VEHICLE               ,ROADSIDE                                          ,25 ,N,0,0,0,0,2,0,0,0,0,0,0,,,,N,42.3884,-71.0922,4,250173502011008
23054327,2023-09-21 13:30:00,Day Shift (8AM - 4PM),"BROADWAY & IRVING ST Somerville, MA",DAYLIGHT                                          ,CLEAR                                             ,DRY                                               ,NONE                                              ,NO CONTROLS                                       ,T-INTERSECTION                                    ,"TWO-WAY, NOT DIVIDED                              ",ANGLE                                             ,COLLISION WITH MOTOR VEHICLE IN TRAFFIC           ,ROADWAY                                           ,20 ,N,0,0,1,0,3,0,0,0,0,0,0,,,,N,42.4013,-71.1214,6,250173506004005
24020803,2024-04-14 00:33:00,Last Half (Midnight - 8AM),"56 STERLING ST Somerville, MA",DARK - LIGHTED ROADWAY                            ,CLOUDY                                            ,DRY                                               ,NONE                                              ,NO CONTROLS                                       ,NOT AT INTERSECTION                               ,"ONE-WAY, NOT DIVIDED                              ","SIDESWIPE, SAME DIRECTION                         ",COLLISION WITH PARKED MOTOR VEHICLE               ,ROADWAY                                           ,20 ,N,0,0,0,0,1,0,0,0,0,0,0,,,,N,42.4112,-71.1303,7,250173507023003
18021080,2018-04-10 10:03:00,Day Shift (8AM - 4PM),"226 SUMMER ST Somerville, MA",DAYLIGHT                                          ,CLEAR                                             ,DRY                                               ,NONE                                              ,STOP SIGNS                                        ,FOUR WAY INTERSECTION                             ,"TWO-WAY, DIVIDED, UNPROTECTED MEDIAN              ",ANGLE                                             ,COLLISION WITH MOTOR VEHICLE IN TRAFFIC           ,ROADWAY                                           ,25 ,N,0,0,1,0,1,0,0,0,0,0,0,,,,N,42.3888,-71.1117,3,250173510011000
18019441,2018-04-02 14:39:00,Day Shift (8AM - 4PM),"227 SUMMER ST Somerville, MA",DAYLIGHT                                          ,CLEAR                                             ,DRY                                               ,NONE                                              ,FLASHING TRAFIC CONTROL SIGNAL                    ,FOUR WAY INTERSECTION                             ,"TWO-WAY, DIVIDED, UNPROTECTED MEDIAN              ",ANGLE                                             ,COLLISION WITH PARKED MOTOR VEHICLE               ,ROADWAY                                           ,25 ,N,0,0,0,0,1,0,0,0,0,0,0,,,,N,42.3891,-71.1113,3,250173510023004
1800000006,2018-03-23 11:03:00,Day Shift (8AM - 4PM),"SUMMER ST & PORTER ST Somerville, MA",DAYLIGHT                                          ,CLEAR                                             ,DRY                                               ,NONE                                              ,STOP SIGNS                                        ,FOUR WAY INTERSECTION                             ,"TWO-WAY, NOT DIVIDED                              ",ANGLE                                             ,COLLISION WITH PEDESTRIAN                         ,ROADWAY                                           ,35 ,N,0,0,2,0,1,0,0,0,0,0,0,,,,N,42.3892,-71.1116,3,250173510023004
23001006,2023-01-07 00:28:00,Last Half (Midnight - 8AM),"301 GREAT RIVER RD Somerville, MA",DARK - LIGHTED ROADWAY                            ,UNKNOWN                                           ,UNKNOWN                                           ,UNKNOWN                                           ,UNKNOWN                                           ,TRAFFIC CIRCLE                                    ,"TWO-WAY, DIVIDED, POSITIVE MEDIAN BARRIER         ",REAR-END                                          ,COLLISION WITH MOTOR VEHICLE IN TRAFFIC           ,ROADWAY                                           ,25 ,N,0,0,0,0,1,1,0,0,0,0,0,,,,N,42.3958,-71.0809,1,250173501061016
22072621,2022-12-27 14:01:00,Day Shift (8AM - 4PM),"145 MIDDLESEX AV Somerville, MA",DAYLIGHT                                          ,CLEAR                                             ,DRY                                               ,NONE                                              ,NO CONTROLS                                       ,NOT AT INTERSECTION                               ,"TWO-WAY, NOT DIVIDED                              ","SIDESWIPE, OPPOSITE DIRECTION                     ",COLLISION WITH MOTOR VEHICLE IN TRAFFIC           ,ROADWAY                                           ,5  ,N,0,0,0,1,5,0,0,0,0,0,0,,,,N,42.3947,-71.0828,1,250173501061014
18063857,2018-10-27 21:08:00,First Half (4PM - Midnight),"112 LOWELL ST Somerville, MA",DARK - LIGHTED ROADWAY                            ,RAIN                                              ,WET                                               ,NONE                                              ,NO CONTROLS                                       ,NOT AT INTERSECTION                               ,"ONE-WAY, NOT DIVIDED                              ",HEAD ON                                           ,COLLISION WITH PARKED MOTOR VEHICLE               ,ROADWAY                                           ,25 ,N,0,0,0,0,3,0,0,0,0,0,0,,,,N,42.3881,-71.1095,3,250173510023004
22031695,2022-06-06 17:02:00,First Half (4PM - Midnight),"355 REVOLUTION DR Somerville, MA",DAYLIGHT                                          ,CLEAR                                             ,DRY                                               ,NONE                                              ,NO CONTROLS                                       ,NOT AT INTERSECTION                               ,"TWO-WAY, NOT DIVIDED                              ",ANGLE                                             ,COLLISION WITH MOTOR VEHICLE IN TRAFFIC           ,ROADWAY                                           ,25 ,N,0,0,0,0,3,0,0,0,0,0,0,,,,N,42.3911,-71.078,1,250173501061001
18043728,2018-07-23 09:42:00,Day Shift (8AM - 4PM),"400 SOMERVILLE AV Somerville, MA",DAYLIGHT                                          ,CLOUDY                                            ,WET                                               ,NONE                                              ,NO CONTROLS                                       ,NOT AT INTERSECTION                               ,"TWO-WAY, NOT DIVIDED                              ",ANGLE                                             ,,ROADWAY                                           ,25 ,N,0,0,0,0,2,0,0,0,0,0,0,,,,N,42.3807,-71.1016,2,250173512042003
22008104,2022-02-17 10:07:00,Day Shift (8AM - 4PM),"4 WALNUT ST Somerville, MA",DAYLIGHT                                          ,CLEAR                                             ,DRY                                               ,NONE                                              ,NO CONTROLS                                       ,NOT AT INTERSECTION                               ,"ONE-WAY, NOT DIVIDED                              ","SIDESWIPE, SAME DIRECTION                         ",COLLISION WITH MOTOR VEHICLE IN TRAFFIC           ,ROADWAY                                           ,15 ,N,0,0,0,0,1,0,0,0,0,0,0,,,,Y,42.3813,-71.0971,3,250173513001009
18071139,2018-12-02 03:25:00,Last Half (Midnight - 8AM),"284 BROADWAY Somerville, MA",DARK - LIGHTED ROADWAY                            ,RAIN                                              ,WET                                               ,NONE                                              ,NO CONTROLS                                       ,FOUR WAY INTERSECTION                             ,"TWO-WAY, DIVIDED, POSITIVE MEDIAN BARRIER         ",SINGLE VEHICLE CRASH                              ,COLLISION WITH MEDIAN BARRIER                     ,MEDIAN                                            ,30 ,N,0,0,1,0,1,0,0,0,0,0,0,,,,N,42.3917,-71.0922,4,250173502013000
18059618,2018-10-06 14:37:00,Day Shift (8AM - 4PM),"BROADWAY & MAIN ST Somerville, MA",DAYLIGHT                                          ,CLEAR                                             ,DRY                                               ,NONE                                              ,TRAFFIC CONTROL SIGNAL                            ,FOUR WAY INTERSECTION                             ,"TWO-WAY, DIVIDED, POSITIVE MEDIAN BARRIER         ",SINGLE VEHICLE CRASH                              ,COLLISION WITH CURB                               ,ROADWAY                                           ,25 ,N,0,0,1,0,1,0,0,0,0,0,0,,,,N,42.3948,-71.0976,4,250173501082001
19059986,2019-10-18 20:18:00,First Half (4PM - Midnight),"300 CANAL ST Somerville, MA",DARK - LIGHTED ROADWAY                            ,CLEAR                                             ,DRY                                               ,OBSTRUCTION IN ROADWAY                            ,STOP SIGNS                                        ,T-INTERSECTION                                    ,UNKNOWN                                           ,ANGLE                                             ,COLLISION WITH MOTOR VEHICLE IN TRAFFIC           ,ROADWAY                                           ,20 ,Y,0,0,0,0,3,0,0,0,0,0,0,,,,N,42.3943,-71.0802,1,250173501061015
22060382,2022-10-21 13:48:00,Day Shift (8AM - 4PM),"110 WALNUT ST Somerville, MA",DAYLIGHT                                          ,CLOUDY                                            ,DRY                                               ,NONE                                              ,TRAFFIC CONTROL SIGNAL                            ,NOT AT INTERSECTION                               ,"ONE-WAY, NOT DIVIDED                              ","SIDESWIPE, SAME DIRECTION                         ",COLLISION WITH PARKED MOTOR VEHICLE               ,ROADWAY                                           ,20 ,N,0,0,0,0,2,0,0,0,0,0,0,,,,N,42.3873,-71.0934,4,250173514042005
21000900,2021-01-07 15:06:00,Day Shift (8AM - 4PM),"779 MCGRATH HWY Somerville, MA",DAYLIGHT                                          ,CLEAR                                             ,DRY                                               ,WORK ZONE                                         ,NO CONTROLS                                       ,NOT AT INTERSECTION                               ,"TWO-WAY, NOT DIVIDED                              ",ANGLE                                             ,COLLISION WITH WORK ZONE MAINTENANCE EQUIPMENT    ,OUTSIDE ROADWAY                                   ,25 ,Y,0,0,0,0,4,0,0,0,0,0,0,,,,N,42.3916,-71.0857,1,250173501071010
20054650,2020-11-10 10:25:00,Day Shift (8AM - 4PM),"FREMONT ST & MEACHAM ST Somerville, MA",DAYLIGHT                                          ,CLEAR                                             ,DRY                                               ,NONE                                              ,NO CONTROLS                                       ,FOUR WAY INTERSECTION                             ,"TWO-WAY, NOT DIVIDED                              ","SIDESWIPE, SAME DIRECTION                         ",COLLISION WITH PARKED MOTOR VEHICLE               ,ROADWAY                                           ,20 ,N,0,0,0,0,3,0,0,0,0,0,0,,,,N,42.3983,-71.0979,4,250173501081008
24049489,2024-08-15 10:29:00,Day Shift (8AM - 4PM),"33 WARD ST Somerville, MA",DAYLIGHT                                          ,CLEAR                                             ,DRY                                               ,NONE                                              ,NO CONTROLS                                       ,NOT AT INTERSECTION                               ,"ONE-WAY, NOT DIVIDED                              ","SIDESWIPE, SAME DIRECTION                         ",COLLISION WITH PARKED MOTOR VEHICLE               ,ROADWAY                                           ,20 ,N,0,0,0,0,3,0,0,0,0,0,0,,,,N,42.3749,-71.09,2,250173515002012
22071048,2022-12-18 01:37:00,Last Half (Midnight - 8AM),"220 WASHINGTON ST Somerville, MA",DARK - LIGHTED ROADWAY                            ,CLEAR                                             ,DRY                                               ,NONE                                              ,NO CONTROLS                                       ,NOT AT INTERSECTION                               ,"TWO-WAY, NOT DIVIDED                              ","SIDESWIPE, SAME DIRECTION                         ",COLLISION WITH PARKED MOTOR VEHICLE               ,ROADSIDE                                          ,25 ,N,0,0,0,0,4,0,0,0,0,0,0,,,,N,42.379,-71.0924,2,250173515003003
18035125,2018-06-12 23:16:00,First Half (4PM - Midnight),"10 FELLSWAY W Somerville, MA",DARK - LIGHTED ROADWAY                            ,CLEAR                                             ,DRY                                               ,NONE                                              ,NO CONTROLS                                       ,NOT AT INTERSECTION                               ,"ONE-WAY, NOT DIVIDED                              ","SIDESWIPE, SAME DIRECTION                         ",COLLISION WITH PARKED MOTOR VEHICLE               ,ROADWAY                                           ,25 ,N,0,0,0,0,0,0,0,0,0,0,0,,,,Y,42.3913,-71.0899,4,250173501091022
18047913,2018-08-12 12:59:00,Day Shift (8AM - 4PM),"BONAIR ST & MCGRATH HWY Somerville, MA",DAYLIGHT                                          ,RAIN                                              ,"SAND, MUD, DIRT, OIL, GRAVEL                      ",,,,,,,,,,0,0,0,2,2,0,0,0,0,0,0,,,,N,42.3885,-71.0895,1,250173502011001
18055778,2018-09-18 07:46:00,Last Half (Midnight - 8AM),"523 BROADWAY Somerville, MA",DAYLIGHT                                          ,CLOUDY                                            ,DRY                                               ,WORK ZONE                                         ,NO CONTROLS                                       ,NOT AT INTERSECTION                               ,"TWO-WAY, DIVIDED, UNPROTECTED MEDIAN              ","SIDESWIPE, SAME DIRECTION                         ",COLLISION WITH MOTOR VEHICLE IN TRAFFIC           ,ROADWAY                                           ,,Y,0,0,0,0,0,0,0,0,0,0,0,,,,Y,42.3978,-71.1053,5,250173503003000
18056270,2018-09-20 14:26:00,Day Shift (8AM - 4PM),"2153 MYSTIC VALLEY PKWY Somerville, MA",DAYLIGHT                                          ,CLOUDY                                            ,,,NO CONTROLS                                       ,DRIVEWAY                                          ,,,,,25 ,N,0,0,0,0,0,0,0,0,0,0,0,,,,Y,42.4174,-71.1275,7,250173507021004
24999999,2024-10-16 14:28:00,Day Shift (8AM - 4PM),"BEACON ST & DURHAM Somerville, MA",DAYLIGHT                                          ,CLEAR                                             ,DRY                                               ,NONE                                              ,NO CONTROLS                                       ,T-INTERSECTION                                    ,"TWO-WAY, NOT DIVIDED                              ","SIDESWIPE, SAME DIRECTION                         ",COLLISION WITH PEDALCYCLE                         ,ROADWAY                                           ,25 ,N,0,0,0,1,0,0,0,1,0,1,0,IN ROADWAY                                        ,"WALKING, RUNNING OR CYCLING                       ",APPARENTLY NORMAL                                 ,Y,42.379,-71.1073,2,250173512043011
18045323,2018-07-30 16:52:00,First Half (4PM - Midnight),"BANKS ST & ELM ST Somerville, MA",DAYLIGHT                                          ,,DRY                                               ,TRAFFIC CONGESTION RELATED                        ,,T-INTERSECTION                                    ,,"SIDESWIPE, SAME DIRECTION                         ",,ROADWAY                                           ,,N,0,0,0,0,2,0,0,0,0,0,0,,,,N,42.3909,-71.1183,6,250173509002008
18053809,2018-09-08 21:10:00,First Half (4PM - Midnight),"51 ELM ST Somerville, MA",DARK - LIGHTED ROADWAY                            ,CLEAR                                             ,DRY                                               ,NONE                                              ,TRAFFIC CONTROL SIGNAL                            ,,,REAR-END                                          ,COLLISION WITH MOTOR VEHICLE IN TRAFFIC           ,ROADWAY                                           ,,,0,0,0,0,0,0,0,0,0,0,0,,,,N,42.3879,-71.1151,5,250173510013004
18038024,2018-06-25 21:46:00,First Half (4PM - Midnight),"49 SYDNEY ST Somerville, MA",,,,,,,,,,,25 ,,0,0,0,0,0,1,0,0,0,0,0,,,,Y,42.3947,-71.0895,4,250173501091003
18045186,2018-07-30 06:09:00,Last Half (Midnight - 8AM),"MCGRATH HWY & WASHINGTON ST Somerville, MA",DAYLIGHT                                          ,CLEAR                                             ,,,TRAFFIC CONTROL SIGNAL                            ,,,"SIDESWIPE, SAME DIRECTION                         ",,,,,0,0,0,0,0,0,0,0,0,0,0,,,,N,42.3799,-71.0899,2,250173515001005
23007704,2023-02-11 10:26:00,Day Shift (8AM - 4PM),"154 MAIN ST MEDFORD Somerville, MA",DAYLIGHT                                          ,CLEAR                                             ,DRY                                               ,NONE                                              ,NO CONTROLS                                       ,NOT AT INTERSECTION                               ,"TWO-WAY, NOT DIVIDED                              ",ANGLE                                             ,COLLISION WITH PARKED MOTOR VEHICLE               ,OUTSIDE ROADWAY                                   ,10 ,N,0,0,0,0,4,0,0,0,0,0,0,,,,N,42.4144,-71.1104,,250173395002008
18070623,2018-11-29 16:50:00,First Half (4PM - Midnight),"0 MEDFORD ST BRIDGE Somerville, MA",DARK - LIGHTED ROADWAY                            ,CLEAR                                             ,DRY                                               ,NONE                                              ,NO CONTROLS                                       ,NOT AT INTERSECTION                               ,"TWO-WAY, DIVIDED, UNPROTECTED MEDIAN              ",REAR-END                                          ,COLLISION WITH MOTOR VEHICLE IN TRAFFIC           ,ROADWAY                                           ,25 ,N,0,0,0,0,4,0,0,0,0,0,0,,,,N,42.4013,-71.1057,,250173396005000
21007751,2021-02-12 10:54:00,Day Shift (8AM - 4PM),"553 BROADWAY Somerville, MA",DAYLIGHT                                          ,CLEAR                                             ,DRY                                               ,NONE                                              ,NO CONTROLS                                       ,NOT AT INTERSECTION                               ,"TWO-WAY, NOT DIVIDED                              ",REAR-END                                          ,COLLISION WITH MOTOR VEHICLE IN TRAFFIC           ,ROADWAY                                           ,25 ,N,0,0,0,0,4,0,0,0,0,0,0,,,,N,42.3985,-71.107,,250173396005011
18049372,2018-08-19 02:50:00,Last Half (Midnight - 8AM),"123 CENTRAL ST Somerville, MA",DARK - LIGHTED ROADWAY                            ,RAIN                                              ,WET                                               ,NONE                                              ,,,,"SIDESWIPE, SAME DIRECTION                         ",COLLISION WITH PARKED MOTOR VEHICLE               ,ROADWAY                                           ,25 ,N,0,0,0,0,0,0,0,0,0,0,0,,,,Y,42.3914,-71.1011,5,250173502022002
24076732,2024-12-10 08:30:00,Day Shift (8AM - 4PM),"41 MAIN ST Somerville, MA",DAYLIGHT                                          ,RAIN                                              ,WET                                               ,UNKNOWN                                           ,NO CONTROLS                                       ,T-INTERSECTION                                    ,"TWO-WAY, NOT DIVIDED                              ",UNKNOWN                                           ,COLLISION WITH MOTOR VEHICLE IN TRAFFIC           ,ROADWAY                                           ,30 ,N,0,0,0,0,0,0,0,0,0,0,0,,,,Y,42.3962,-71.0989,5,250173501082003
18046857,2018-08-07 12:49:00,Day Shift (8AM - 4PM),"313 BROADWAY Somerville, MA",DAYLIGHT                                          ,CLEAR                                             ,DRY                                               ,NONE                                              ,TRAFFIC CONTROL SIGNAL                            ,T-INTERSECTION                                    ,"TWO-WAY, DIVIDED, POSITIVE MEDIAN BARRIER         ",SINGLE VEHICLE CRASH                              ,COLLISION WITH LIGHT POLE OR OTHER POST/SUPPORT   ,ROADWAY                                           ,,,0,0,0,0,1,0,0,0,0,0,0,,,,N,42.3927,-71.093,4,250173501091013
25021922,2025-04-22 08:08:00,Day Shift (8AM - 4PM),"50 EVERGREEN AV Somerville, MA",UNKNOWN                                           ,UNKNOWN                                           ,UNKNOWN                                           ,NONE                                              ,STOP SIGNS                                        ,FOUR WAY INTERSECTION                             ,"ONE-WAY, NOT DIVIDED                              ",SINGLE VEHICLE CRASH                              ,OTHER                                             ,OUTSIDE ROADWAY                                   ,25 ,N,0,0,0,0,0,1,0,0,0,0,0,,,,N,42.3918,-71.0972,4,250173502022006
25021655,2025-04-20 15:53:00,Day Shift (8AM - 4PM),"11 PARTRIDGE AV Somerville, MA",DAYLIGHT                                          ,CLEAR                                             ,DRY                                               ,NONE                                              ,NO CONTROLS                                       ,NOT AT INTERSECTION                               ,"ONE-WAY, NOT DIVIDED                              ","SIDESWIPE, SAME DIRECTION                         ",COLLISION WITH PARKED MOTOR VEHICLE               ,ROADSIDE                                          ,20 ,N,0,0,0,0,3,0,0,0,0,0,0,,,,N,42.3931,-71.104,5,250173503001006
19063866,2019-11-07 14:33:00,Day Shift (8AM - 4PM),"234 WILLOW AV Somerville, MA",DAYLIGHT                                          ,CLOUDY                                            ,DRY                                               ,NONE                                              ,NO CONTROLS                                       ,NOT AT INTERSECTION                               ,"TWO-WAY, NOT DIVIDED                              ","SIDESWIPE, SAME DIRECTION                         ",COLLISION WITH PARKED MOTOR VEHICLE               ,ROADWAY                                           ,25 ,N,0,0,0,0,2,0,0,0,0,0,0,,,,N,42.3986,-71.114,6,250173504005007
21061321,2021-11-24 01:02:00,Last Half (Midnight - 8AM),"77 PEARL ST Somerville, MA",DARK - LIGHTED ROADWAY                            ,CLEAR                                             ,DRY                                               ,UNKNOWN                                           ,NO CONTROLS                                       ,NOT AT INTERSECTION                               ,"TWO-WAY, NOT DIVIDED                              ",UNKNOWN                                           ,COLLISION WITH PARKED MOTOR VEHICLE               ,ROADWAY                                           ,25 ,N,0,0,0,1,4,0,0,0,0,0,0,,,,N,42.3849,-71.0846,1,250173514032006
22037561,2022-07-06 11:40:00,Day Shift (8AM - 4PM),"MYRTLE ST & WASHINGTON ST Somerville, MA",DAYLIGHT                                          ,CLEAR                                             ,DRY                                               ,NONE                                              ,TRAFFIC CONTROL SIGNAL                            ,T-INTERSECTION                                    ,"TWO-WAY, NOT DIVIDED                              ",REAR-END                                          ,COLLISION WITH MOTOR VEHICLE IN TRAFFIC           ,ROADWAY                                           ,25 ,N,0,0,1,0,2,0,0,0,0,0,0,,,,N,42.3817,-71.0839,1,250173514041004
21004980,2021-01-26 05:42:00,Last Half (Midnight - 8AM),"MEDFORD ST & SCHOOL ST Somerville, MA",DARK - LIGHTED ROADWAY                            ,CLEAR                                             ,DRY                                               ,NONE                                              ,TRAFFIC CONTROL SIGNAL                            ,FOUR WAY INTERSECTION                             ,"TWO-WAY, NOT DIVIDED                              ","SIDESWIPE, SAME DIRECTION                         ",COLLISION WITH PARKED MOTOR VEHICLE               ,ROADWAY                                           ,25 ,N,0,0,0,0,2,1,0,0,0,0,0,,,,N,42.3891,-71.0972,4,250173502022007
19005516,2019-01-30 18:10:00,First Half (4PM - Midnight),"700 BROADWAY Somerville, MA",DARK - LIGHTED ROADWAY                            ,SNOW                                              ,WET                                               ,NONE                                              ,STOP SIGNS                                        ,NOT AT INTERSECTION                               ,"ONE-WAY, NOT DIVIDED                              ",ANGLE                                             ,COLLISION WITH MOTOR VEHICLE IN TRAFFIC           ,ROADWAY                                           ,25 ,N,0,0,1,0,3,0,0,0,0,0,0,,,,N,42.3999,-71.1123,6,250173504002004
1800000061,2018-07-10 10:17:00,Day Shift (8AM - 4PM),"15 HOLLAND ST Somerville, MA",DAYLIGHT                                          ,CLEAR                                             ,DRY                                               ,,NO CONTROLS                                       ,NOT AT INTERSECTION                               ,"TWO-WAY, DIVIDED, UNPROTECTED MEDIAN              ",,,,,N,0,0,1,0,1,0,0,1,0,1,0,"MEDIAN, BUT NOT ON SHOULDER                       ","WALKING, RUNNING OR CYCLING                       ",APPARENTLY NORMAL                                 ,N,42.3971,-71.1228,6,250173505001008
18049457,2018-08-19 19:09:00,First Half (4PM - Midnight),"AMES ST & MINER ST Somerville, MA",DAYLIGHT                                          ,CLEAR                                             ,OTHER                                             ,"RUT, HOLES, BUMPS                                 ",NO CONTROLS                                       ,T-INTERSECTION                                    ,,SINGLE VEHICLE CRASH                              ,OTHER NON-COLLISION                               ,ROADWAY                                           ,,N,0,0,1,0,0,0,0,0,0,0,0,,,,N,42.3924,-71.1022,5,250173502021007
22032427,2022-06-09 18:35:00,First Half (4PM - Midnight),"7 VERNON ST Somerville, MA",DAYLIGHT                                          ,CLEAR                                             ,DRY                                               ,NONE                                              ,NO CONTROLS                                       ,NOT AT INTERSECTION                               ,"TWO-WAY, NOT DIVIDED                              ",SINGLE VEHICLE CRASH                              ,COLLISION WITH OTHER MOVABLE OBJECT               ,ROADWAY                                           ,20 ,N,0,0,1,0,0,0,0,0,0,0,0,,,,N,42.3914,-71.1018,5,250173502021008
19057264,2019-10-05 11:42:00,Day Shift (8AM - 4PM),"14 WILTON STREET Somerville, MA",DAYLIGHT                                          ,CLEAR                                             ,DRY                                               ,NONE                                              ,NO CONTROLS                                       ,NOT AT INTERSECTION                               ,"ONE-WAY, NOT DIVIDED                              ",SINGLE VEHICLE CRASH                              ,COLLISION WITH PARKED MOTOR VEHICLE               ,ROADWAY                                           ,25 ,N,0,0,0,0,2,0,0,0,0,0,0,,,,N,42.3945,-71.1058,5,250173503002004
25009712,2025-02-21 07:31:00,Last Half (Midnight - 8AM),"282 LOWELL ST Somerville, MA",DAYLIGHT                                          ,CLOUDY                                            ,ICE                                               ,OTHER                                             ,NO CONTROLS                                       ,NOT AT INTERSECTION                               ,"TWO-WAY, NOT DIVIDED                              ","SIDESWIPE, SAME DIRECTION                         ",COLLISION WITH PARKED MOTOR VEHICLE               ,ROADWAY                                           ,25 ,N,0,0,0,0,3,0,0,0,0,0,0,,,,N,42.3937,-71.1058,5,250173503002004
21032058,2021-06-25 12:15:00,Day Shift (8AM - 4PM),"LOWELL ST & WILTON ST Somerville, MA",DAYLIGHT                                          ,CLOUDY                                            ,DRY                                               ,NONE                                              ,NO CONTROLS                                       ,T-INTERSECTION                                    ,"ONE-WAY, NOT DIVIDED                              ","SIDESWIPE, SAME DIRECTION                         ",COLLISION WITH PARKED MOTOR VEHICLE               ,ROADWAY                                           ,20 ,N,0,0,0,0,3,0,0,0,0,0,0,,,,N,42.3943,-71.1051,5,250173503002004
19012281,2019-03-06 07:42:00,Last Half (Midnight - 8AM),"146 HIGHLAND AV Somerville, MA",DAYLIGHT                                          ,CLEAR                                             ,ICE                                               ,NONE                                              ,NO CONTROLS                                       ,NOT AT INTERSECTION                               ,"TWO-WAY, DIVIDED, UNPROTECTED MEDIAN              ","SIDESWIPE, SAME DIRECTION                         ",COLLISION WITH PARKED MOTOR VEHICLE               ,ROADWAY                                           ,25 ,N,0,0,0,0,4,0,0,0,0,0,0,,,,N,42.3881,-71.103,3,250173511013006
21049391,2021-09-20 08:16:00,Day Shift (8AM - 4PM),"140 HIGHLAND AV Somerville, MA",DAYLIGHT                                          ,CLEAR                                             ,WET                                               ,NONE                                              ,NO CONTROLS                                       ,NOT AT INTERSECTION                               ,"TWO-WAY, NOT DIVIDED                              ",HEAD ON                                           ,COLLISION WITH PARKED MOTOR VEHICLE               ,ROADWAY                                           ,25 ,N,0,0,0,0,4,0,0,0,0,0,0,,,,N,42.3879,-71.1025,3,250173511013006
21008952,2021-02-20 10:50:00,Day Shift (8AM - 4PM),"138 HIGHLAND AV Somerville, MA",DAYLIGHT                                          ,CLEAR                                             ,WET                                               ,NONE                                              ,NO CONTROLS                                       ,NOT AT INTERSECTION                               ,"TWO-WAY, NOT DIVIDED                              ",REAR-END                                          ,COLLISION WITH MOTOR VEHICLE IN TRAFFIC           ,ROADWAY                                           ,25 ,N,0,0,1,0,4,0,0,0,0,0,0,,,,N,42.3878,-71.1024,3,250173511013006
19052992,2019-09-14 21:51:00,First Half (4PM - Midnight),"220 WASHINGTON ST Somerville, MA",DARK - LIGHTED ROADWAY                            ,RAIN                                              ,WET                                               ,NONE                                              ,NO CONTROLS                                       ,NOT AT INTERSECTION                               ,"TWO-WAY, NOT DIVIDED                              ",REAR-END                                          ,COLLISION WITH PARKED MOTOR VEHICLE               ,ROADSIDE                                          ,25 ,N,0,0,0,0,3,0,0,0,0,0,0,,,,N,42.379,-71.0924,2,250173515003003
18052858,2018-09-04 13:42:00,Day Shift (8AM - 4PM),"BEACON ST & WASHINGTON ST Somerville, MA",DAYLIGHT                                          ,CLEAR                                             ,DRY                                               ,NONE                                              ,,FOUR WAY INTERSECTION                             ,,"SIDESWIPE, SAME DIRECTION                         ",COLLISION WITH MOTOR VEHICLE IN TRAFFIC           ,ROADWAY                                           ,,N,0,0,0,0,0,0,0,0,0,0,0,,,,N,42.3783,-71.1064,2,250173512031003
22065260,2022-11-14 11:13:00,Day Shift (8AM - 4PM),"PACKARD AV & POWDER HOUSE BLVD Somerville, MA",DAYLIGHT                                          ,CLEAR                                             ,DRY                                               ,NONE                                              ,STOP SIGNS                                        ,FOUR WAY INTERSECTION                             ,"TWO-WAY, NOT DIVIDED                              ",HEAD ON                                           ,COLLISION WITH MOTOR VEHICLE IN TRAFFIC           ,ROADWAY                                           ,25 ,N,0,0,0,0,2,0,0,0,0,0,0,,,,N,42.4045,-71.1235,6,250173506001002