Crash Number,Date and Time of Crash,Police Shift,Crash Location,Light Conditions,Weather Conditions,Road Surface,Road Contributing Circumstances,Traffic Control Device Type,Roadway Intersection Type,Trafficway Description,Manner of Collision,First Harmful Event,First Harmful Event Location,Speed Limit,Work Zone,Count Fatal Injury ,Count Suspected Serious Injury,Count Suspected Minor Injury ,Count Possible Injury,Count No Apparent Injury,Count Unknown Injury,Count Not Reported Injury,Total Non-Motorists,Pedestrian Involvement (Non-Motorist),Cyclist Involvement (Non-Motorist),Other Non-Motorist Involvement,Non-Motorist Location ,Non-Motorist Action,Non-Motorist Condition,Hit and Run Flag,Latitude,Longitude,Ward,Block Code 
19059491,2019-10-16 18:49:00,First Half (4PM - Midnight),"331 GREAT RIVER RD Somerville, MA",DARK - LIGHTED ROADWAY                            ,CLOUDY                                            ,DRY                                               ,NONE                                              ,STOP SIGNS                                        ,TRAFFIC CIRCLE                                    ,"ONE-WAY, NOT DIVIDED                              ",HEAD ON                                           ,COLLISION WITH MOTOR VEHICLE IN TRAFFIC           ,ROADWAY                                           ,25 ,N,0,0,0,0,4,0,0,0,0,0,0,,,,N,42.3955,-71.08,1,250173501061016
19048839,2019-08-26 07:31:00,Last Half (Midnight - 8AM),"301 GREAT RIVER RD Somerville, MA",DAYLIGHT                                          ,CLEAR                                             ,DRY                                               ,NONE                                              ,NO CONTROLS                                       ,TRAFFIC CIRCLE                                    ,"TWO-WAY, NOT DIVIDED                              ",ANGLE                                             ,COLLISION WITH MOTOR VEHICLE IN TRAFFIC           ,ROADWAY                                           ,20 ,N,0,0,0,0,2,0,0,0,0,0,0,,,,N,42.3958,-71.0809,1,250173501061016
23026758,2023-05-15 17:39:00,First Half (4PM - Midnight),"301 GREAT RIVER RD Somerville, MA",DAYLIGHT                                          ,CLEAR                                             ,DRY                                               ,NONE                                              ,YIELD SIGNS                                       ,TRAFFIC CIRCLE                                    ,"ONE-WAY, NOT DIVIDED                              ",SINGLE VEHICLE CRASH                              ,COLLISION WITH PEDALCYCLE                         ,ROADWAY                                           ,20 ,N,0,0,1,0,2,0,0,1,0,1,0,IN ROADWAY                                        ,"WALKING, RUNNING OR CYCLING                       ",APPARENTLY NORMAL                                 ,N,42.3958,-71.0809,1,250173501061016
21017678,2021-04-08 10:50:00,Day Shift (8AM - 4PM),"333 GREAT RIVER RD Somerville, MA",DAYLIGHT                                          ,CLEAR                                             ,DRY                                               ,NONE                                              ,NO CONTROLS                                       ,NOT AT INTERSECTION                               ,"TWO-WAY, NOT DIVIDED                              ","SIDESWIPE, OPPOSITE DIRECTION                     ",COLLISION WITH PARKED MOTOR VEHICLE               ,ROADWAY                                           ,20 ,N,0,0,0,0,3,0,0,0,0,0,0,,,,N,42.3955,-71.08,1,250173501061016
24017746,2024-03-31 01:33:00,Last Half (Midnight - 8AM),"698 ASSEMBLY ROW Somerville, MA",DARK - LIGHTED ROADWAY                            ,CLEAR                                             ,DRY                                               ,NONE                                              ,WARNING SIGNS                                     ,NOT AT INTERSECTION                               ,"ONE-WAY, NOT DIVIDED                              ",HEAD ON                                           ,COLLISION WITH MOTOR VEHICLE IN TRAFFIC           ,ROADWAY                                           ,25 ,N,0,2,0,0,0,0,0,0,0,0,0,,,,N,42.3955,-71.08,1,250173501061016
22032853,2022-06-11 17:26:00,First Half (4PM - Midnight),"301 GREAT RIVER RD Somerville, MA",DAYLIGHT                                          ,CLEAR                                             ,DRY                                               ,NONE                                              ,YIELD SIGNS                                       ,TRAFFIC CIRCLE                                    ,"TWO-WAY, DIVIDED, POSITIVE MEDIAN BARRIER         ",REAR-END                                          ,COLLISION WITH MOTOR VEHICLE IN TRAFFIC           ,ROADWAY                                           ,25 ,N,0,0,0,0,3,0,0,0,0,0,0,,,,N,42.3958,-71.0809,1,250173501061016
24035629,2024-06-16 10:58:00,Day Shift (8AM - 4PM),"301 GREAT RIVER RD Somerville, MA",DAYLIGHT                                          ,CLEAR                                             ,DRY                                               ,NONE                                              ,YIELD SIGNS                                       ,TRAFFIC CIRCLE                                    ,"ONE-WAY, NOT DIVIDED                              ",SINGLE VEHICLE CRASH                              ,COLLISION WITH MOTOR VEHICLE IN TRAFFIC           ,ROADWAY                                           ,25 ,N,0,0,0,0,0,4,0,0,0,0,0,,,,N,42.3958,-71.0809,1,250173501061016
20001293,2020-01-09 01:29:00,Last Half (Midnight - 8AM),"45 BROADWAY Somerville, MA",DARK - LIGHTED ROADWAY                            ,CLEAR                                             ,DRY                                               ,NONE                                              ,NO CONTROLS                                       ,NOT AT INTERSECTION                               ,"TWO-WAY, DIVIDED, POSITIVE MEDIAN BARRIER         ",SINGLE VEHICLE CRASH                              ,COLLISION WITH PARKED MOTOR VEHICLE               ,ROADWAY                                           ,25 ,N,0,0,0,0,3,0,0,0,0,0,0,,,,N,42.3868,-71.0795,1,250173501071001
22050850,2022-09-08 18:49:00,First Half (4PM - Midnight),"45 BROADWAY Somerville, MA",DAYLIGHT                                          ,CLEAR                                             ,DRY                                               ,NONE                                              ,TRAFFIC CONTROL SIGNAL                            ,NOT AT INTERSECTION                               ,"TWO-WAY, DIVIDED, POSITIVE MEDIAN BARRIER         ",UNKNOWN                                           ,COLLISION WITH PEDALCYCLE                         ,ROADWAY                                           ,25 ,N,0,0,1,0,2,0,0,1,0,1,0,IN ROADWAY                                        ,ENTERING OR CROSSING SPECIFIED LOCATION           ,APPARENTLY NORMAL                                 ,N,42.3868,-71.0795,1,250173501071001
21002140,2021-01-14 18:24:00,First Half (4PM - Midnight),"BROADWAY & LOMBARDI ST Somerville, MA",DARK - LIGHTED ROADWAY                            ,RAIN                                              ,WET                                               ,NONE                                              ,TRAFFIC CONTROL SIGNAL                            ,T-INTERSECTION                                    ,"TWO-WAY, NOT DIVIDED                              ",ANGLE                                             ,COLLISION WITH PEDESTRIAN                         ,ROADWAY                                           ,25 ,N,0,0,1,0,1,0,0,1,1,0,0,MARKED CROSSWALK AT INTERSECTION                  ,"WALKING, RUNNING OR CYCLING                       ",APPARENTLY NORMAL                                 ,N,42.3864,-71.0787,1,250173501071001
18032127,2018-05-30 10:15:00,Day Shift (8AM - 4PM),"BROADWAY & BROADWAY PL Somerville, MA",DAYLIGHT                                          ,CLEAR                                             ,DRY                                               ,UNKNOWN                                           ,TRAFFIC CONTROL SIGNAL                            ,T-INTERSECTION                                    ,"TWO-WAY, DIVIDED, POSITIVE MEDIAN BARRIER         ",ANGLE                                             ,COLLISION WITH MOTOR VEHICLE IN TRAFFIC           ,ROADWAY                                           ,30 ,N,0,0,0,0,1,1,0,0,0,0,0,,,,N,42.3869,-71.0813,1,250173501071003
24000001,2024-05-28 16:50:00,First Half (4PM - Midnight),"15 AUSTIN ST Somerville, MA",DAYLIGHT                                          ,CLEAR                                             ,DRY                                               ,UNKNOWN                                           ,NO CONTROLS                                       ,NOT AT INTERSECTION                               ,"ONE-WAY, NOT DIVIDED                              ","SIDESWIPE, SAME DIRECTION                         ",COLLISION WITH PARKED MOTOR VEHICLE               ,ROADWAY                                           ,25 ,N,0,0,0,0,2,0,0,1,0,0,1,OTHER                                             ,OTHER                                             ,APPARENTLY NORMAL                                 ,N,42.3879,-71.0802,1,250173501071001
22064378,2022-11-09 16:23:00,First Half (4PM - Midnight),"10 MAINE AV Somerville, MA",DAYLIGHT                                          ,CLEAR                                             ,DRY                                               ,OBSTRUCTION IN ROADWAY                            ,NO CONTROLS                                       ,NOT AT INTERSECTION                               ,"ONE-WAY, NOT DIVIDED                              ",SINGLE VEHICLE CRASH                              ,COLLISION WITH OTHER MOVABLE OBJECT               ,ROADWAY                                           ,25 ,N,0,0,0,0,2,0,0,0,0,0,0,,,,N,42.3889,-71.0816,1,250173501071001
19060083,2019-10-19 10:27:00,Day Shift (8AM - 4PM),"45 BROADWAY Somerville, MA",DAYLIGHT                                          ,CLEAR                                             ,DRY                                               ,NONE                                              ,NO CONTROLS                                       ,NOT AT INTERSECTION                               ,"TWO-WAY, DIVIDED, POSITIVE MEDIAN BARRIER         ","SIDESWIPE, SAME DIRECTION                         ",COLLISION WITH PARKED MOTOR VEHICLE               ,ROADWAY                                           ,25 ,N,0,0,0,0,3,0,0,0,0,0,0,,,,N,42.3868,-71.0795,1,250173501071001
18075219,2018-12-22 19:16:00,First Half (4PM - Midnight),"45 BROADWAY Somerville, MA",DARK - LIGHTED ROADWAY                            ,CLEAR                                             ,DRY                                               ,NONE                                              ,NO CONTROLS                                       ,NOT AT INTERSECTION                               ,"ONE-WAY, NOT DIVIDED                              ",REAR-END                                          ,COLLISION WITH PARKED MOTOR VEHICLE               ,ROADWAY                                           ,25 ,N,0,0,0,0,3,0,0,0,0,0,0,,,,N,42.3868,-71.0795,1,250173501071001
21034140,2021-07-05 19:22:00,First Half (4PM - Midnight),"65 PENNSYLVANIA AV Somerville, MA",DAYLIGHT                                          ,CLEAR                                             ,DRY                                               ,NONE                                              ,NO CONTROLS                                       ,NOT AT INTERSECTION                               ,"ONE-WAY, NOT DIVIDED                              ","SIDESWIPE, SAME DIRECTION                         ",COLLISION WITH PARKED MOTOR VEHICLE               ,ROADWAY                                           ,20 ,N,0,0,0,0,3,0,0,0,0,0,0,,,,N,42.3889,-71.0821,1,250173501071001
19071352,2019-12-17 12:22:00,Day Shift (8AM - 4PM),"MYSTIC AV & NA Somerville, MA",DAYLIGHT                                          ,CLOUDY                                            ,SLUSH                                             ,NONE                                              ,NO CONTROLS                                       ,NOT AT INTERSECTION                               ,"TWO-WAY, DIVIDED, UNPROTECTED MEDIAN              ",ANGLE                                             ,COLLISION WITH MOTOR VEHICLE IN TRAFFIC           ,ROADWAY                                           ,25 ,N,0,0,0,0,2,0,0,0,0,0,0,,,,N,42.3905,-71.0836,1,250173501071001
18059404,2018-10-05 09:53:00,Day Shift (8AM - 4PM),"LOMBARDI ST & BROADWAY Somerville, MA",DAYLIGHT                                          ,CLEAR                                             ,DRY                                               ,NONE                                              ,TRAFFIC CONTROL SIGNAL                            ,FOUR WAY INTERSECTION                             ,"ONE-WAY, NOT DIVIDED                              ","SIDESWIPE, SAME DIRECTION                         ",COLLISION WITH MOTOR VEHICLE IN TRAFFIC           ,ROADWAY                                           ,25 ,N,0,0,0,0,3,0,0,0,0,0,0,,,,N,42.3864,-71.0787,1,250173501071001
24020501,2024-04-12 15:49:00,Day Shift (8AM - 4PM),"20 RHODE ISLAND AV Somerville, MA",DAWN                                              ,CLEAR                                             ,WET                                               ,NONE                                              ,NO CONTROLS                                       ,NOT AT INTERSECTION                               ,"ONE-WAY, NOT DIVIDED                              ",REAR-END                                          ,COLLISION WITH PARKED MOTOR VEHICLE               ,ROADWAY                                           ,25 ,N,0,0,0,0,3,0,0,0,0,0,0,,,,N,42.39,-71.0832,1,250173501071002
24004260,2024-01-24 13:16:00,Day Shift (8AM - 4PM),"BROADWAY & LINCOLN ST Somerville, MA",DAYLIGHT                                          ,CLOUDY                                            ,WET                                               ,NONE                                              ,NO CONTROLS                                       ,T-INTERSECTION                                    ,"TWO-WAY, DIVIDED, POSITIVE MEDIAN BARRIER         ",SINGLE VEHICLE CRASH                              ,COLLISION WITH PEDESTRIAN                         ,ROADWAY                                           ,25 ,N,0,0,0,1,2,0,0,1,1,0,0,MARKED CROSSWALK AT INTERSECTION                  ,ENTERING OR CROSSING SPECIFIED LOCATION           ,APPARENTLY NORMAL                                 ,N,42.3868,-71.0808,1,250173501071003
20031391,2020-06-23 11:06:00,Day Shift (8AM - 4PM),"LINCOLN ST & BROADWAY Somerville, MA",DAYLIGHT                                          ,CLEAR                                             ,DRY                                               ,UNKNOWN                                           ,NO CONTROLS                                       ,T-INTERSECTION                                    ,"TWO-WAY, DIVIDED, POSITIVE MEDIAN BARRIER         ","SIDESWIPE, SAME DIRECTION                         ",COLLISION WITH PEDALCYCLE                         ,ROADWAY                                           ,25 ,N,0,0,1,0,3,0,0,1,0,1,0,IN ROADWAY                                        ,"WALKING, RUNNING OR CYCLING                       ",APPARENTLY NORMAL                                 ,N,42.3868,-71.0808,1,250173501071003
19054363,2019-09-21 14:15:00,Day Shift (8AM - 4PM),"67 BROADWAY Somerville, MA",DAYLIGHT                                          ,CLEAR                                             ,DRY                                               ,NONE                                              ,NO CONTROLS                                       ,NOT AT INTERSECTION                               ,"TWO-WAY, DIVIDED, UNPROTECTED MEDIAN              ",REAR-END                                          ,COLLISION WITH MOTOR VEHICLE IN TRAFFIC           ,ROADWAY                                           ,30 ,N,0,0,0,0,3,0,0,0,0,0,0,,,,N,42.3872,-71.081,1,250173501071003
22036871,2022-07-02 12:22:00,Day Shift (8AM - 4PM),"BROADWAY & PENNSYLVANIA AV Somerville, MA",DAYLIGHT                                          ,CLOUDY                                            ,DRY                                               ,NONE                                              ,NO CONTROLS                                       ,T-INTERSECTION                                    ,"TWO-WAY, DIVIDED, POSITIVE MEDIAN BARRIER         ",REAR-END                                          ,COLLISION WITH MOTOR VEHICLE IN TRAFFIC           ,ROADWAY                                           ,25 ,N,0,0,0,0,4,0,0,0,0,0,0,,,,N,42.387,-71.0814,1,250173501071003
23001813,2023-01-11 17:10:00,First Half (4PM - Midnight),"67 BROADWAY Somerville, MA",DARK - LIGHTED ROADWAY                            ,CLEAR                                             ,DRY                                               ,NONE                                              ,NO CONTROLS                                       ,NOT AT INTERSECTION                               ,"TWO-WAY, DIVIDED, POSITIVE MEDIAN BARRIER         ",REAR-END                                          ,COLLISION WITH MOTOR VEHICLE IN TRAFFIC           ,ROADWAY                                           ,25 ,N,0,0,0,0,3,0,0,0,0,0,0,,,,N,42.3872,-71.081,1,250173501071003
23014726,2023-03-21 14:12:00,Day Shift (8AM - 4PM),"67 BROADWAY Somerville, MA",DAYLIGHT                                          ,CLEAR                                             ,DRY                                               ,NONE                                              ,NO CONTROLS                                       ,T-INTERSECTION                                    ,"TWO-WAY, DIVIDED, POSITIVE MEDIAN BARRIER         ",ANGLE                                             ,COLLISION WITH MOTOR VEHICLE IN TRAFFIC           ,ROADWAY                                           ,25 ,N,0,0,0,2,1,0,0,0,0,0,0,,,,N,42.3872,-71.081,1,250173501071003
21063362,2021-12-07 16:41:00,First Half (4PM - Midnight),"BROADWAY & LINCOLN ST Somerville, MA",DARK - LIGHTED ROADWAY                            ,CLEAR                                             ,DRY                                               ,NONE                                              ,NO CONTROLS                                       ,T-INTERSECTION                                    ,"TWO-WAY, DIVIDED, POSITIVE MEDIAN BARRIER         ","SIDESWIPE, SAME DIRECTION                         ",COLLISION WITH MOTOR VEHICLE IN TRAFFIC           ,ROADWAY                                           ,25 ,N,0,0,0,0,3,0,0,0,0,0,0,,,,N,42.3868,-71.0808,1,250173501071003
1800000056,2018-07-07 02:49:00,Last Half (Midnight - 8AM),"24 MAIN ST Somerville, MA",DARK - LIGHTED ROADWAY                            ,CLEAR                                             ,DRY                                               ,NONE                                              ,NO CONTROLS                                       ,,"TWO-WAY, NOT DIVIDED                              ",ANGLE                                             ,COLLISION WITH PARKED MOTOR VEHICLE               ,ROADWAY                                           ,25 ,N,0,0,0,0,1,0,0,0,0,0,0,,,,N,42.3958,-71.098,4,250173501082002
18029750,2018-05-19 14:29:00,Day Shift (8AM - 4PM),"99 BROADWAY Somerville, MA",DAYLIGHT                                          ,RAIN                                              ,WET                                               ,NONE                                              ,TRAFFIC CONTROL SIGNAL                            ,T-INTERSECTION                                    ,"TWO-WAY, DIVIDED, POSITIVE MEDIAN BARRIER         ",REAR-END                                          ,COLLISION WITH PARKED MOTOR VEHICLE               ,ROADWAY                                           ,20 ,N,0,0,0,0,1,0,0,0,0,0,0,,,,N,42.3876,-71.0828,1,250173501071004
19055349,2019-09-26 04:11:00,Last Half (Midnight - 8AM),"39 ILLINOIS AV Somerville, MA",DARK - LIGHTED ROADWAY                            ,CLEAR                                             ,DRY                                               ,NONE                                              ,NO CONTROLS                                       ,NOT AT INTERSECTION                               ,"ONE-WAY, NOT DIVIDED                              ","SIDESWIPE, SAME DIRECTION                         ",COLLISION WITH PARKED MOTOR VEHICLE               ,ROADWAY                                           ,25 ,N,0,0,0,0,2,0,0,0,0,0,0,,,,N,42.3885,-71.0822,1,250173501071004
22072186,2022-12-23 23:59:00,First Half (4PM - Midnight),"BROADWAY & GLEN ST Somerville, MA",DARK - LIGHTED ROADWAY                            ,CLEAR                                             ,DRY                                               ,NONE                                              ,NO CONTROLS                                       ,FOUR WAY INTERSECTION                             ,UNKNOWN                                           ,ANGLE                                             ,COLLISION WITH MOTOR VEHICLE IN TRAFFIC           ,ROADWAY                                           ,25 ,N,0,0,0,0,2,0,0,0,0,0,0,,,,N,42.3878,-71.0842,1,250173501071005
22007398,2022-02-13 21:11:00,First Half (4PM - Midnight),"PENNSYLVANIA AV & VERMONT AV Somerville, MA",DARK - LIGHTED ROADWAY                            ,SNOW                                              ,WET                                               ,UNKNOWN                                           ,NO CONTROLS                                       ,T-INTERSECTION                                    ,"ONE-WAY, NOT DIVIDED                              ","SIDESWIPE, SAME DIRECTION                         ",COLLISION WITH PARKED MOTOR VEHICLE               ,ROADWAY                                           ,25 ,Y,0,0,0,0,3,0,0,0,0,0,0,,,,N,42.3891,-71.0829,1,250173501071005
21033716,2021-07-03 08:38:00,Day Shift (8AM - 4PM),"137 BROADWAY Somerville, MA",DAYLIGHT                                          ,RAIN                                              ,WET                                               ,TRAFFIC CONGESTION RELATED                        ,NO CONTROLS                                       ,NOT AT INTERSECTION                               ,"TWO-WAY, DIVIDED, POSITIVE MEDIAN BARRIER         ",REAR-END                                          ,COLLISION WITH MOTOR VEHICLE IN TRAFFIC           ,ROADWAY                                           ,25 ,N,0,0,0,0,3,0,0,0,0,0,0,,,,N,42.3882,-71.0843,1,250173501071005
23009370,2023-02-20 10:43:00,Day Shift (8AM - 4PM),"139 BROADWAY Somerville, MA",DAYLIGHT                                          ,CLEAR                                             ,DRY                                               ,NONE                                              ,NO CONTROLS                                       ,NOT AT INTERSECTION                               ,"TWO-WAY, DIVIDED, UNPROTECTED MEDIAN              ","SIDESWIPE, SAME DIRECTION                         ",COLLISION WITH MOTOR VEHICLE IN TRAFFIC           ,ROADWAY                                           ,25 ,N,0,0,0,0,3,0,0,0,0,0,0,,,,N,42.3882,-71.0843,1,250173501071005
24001556,2024-01-09 18:11:00,First Half (4PM - Midnight),"BROADWAY & MICHIGAN AV Somerville, MA",DARK - LIGHTED ROADWAY                            ,RAIN                                              ,WET                                               ,ROAD SURFACE CONDITION                            ,PEDESTRIAN CROSSING SIGNAL/BEACON                 ,FOUR WAY INTERSECTION                             ,"TWO-WAY, NOT DIVIDED                              ",ANGLE                                             ,COLLISION WITH PEDALCYCLE                         ,ROADWAY                                           ,25 ,N,0,0,0,0,4,0,0,1,0,1,0,IN ROADWAY                                        ,"WALKING, RUNNING OR CYCLING                       ",APPARENTLY NORMAL                                 ,N,42.3878,-71.0841,1,250173501071007
20031946,2020-06-26 14:48:00,Day Shift (8AM - 4PM),"BROADWAY & MICHIGAN AV Somerville, MA",DAYLIGHT                                          ,CLEAR                                             ,DRY                                               ,OBSTRUCTION IN ROADWAY                            ,NO CONTROLS                                       ,T-INTERSECTION                                    ,"ONE-WAY, NOT DIVIDED                              ","SIDESWIPE, SAME DIRECTION                         ",COLLISION WITH PARKED MOTOR VEHICLE               ,SHOULDER - PAVED                                  ,25 ,N,0,0,0,0,2,0,0,0,0,0,0,,,,N,42.3878,-71.0841,1,250173501071007
18034539,2018-06-10 13:23:00,Day Shift (8AM - 4PM),"BROADWAY & MICHIGAN AV Somerville, MA",DAYLIGHT                                          ,CLEAR                                             ,DRY                                               ,NONE                                              ,NO CONTROLS                                       ,NOT AT INTERSECTION                               ,"ONE-WAY, NOT DIVIDED                              ","SIDESWIPE, SAME DIRECTION                         ",COLLISION WITH PARKED MOTOR VEHICLE               ,ROADSIDE                                          ,,N,0,0,0,0,2,0,0,0,0,0,0,,,,N,42.3878,-71.0841,1,250173501071007
24037996,2024-06-26 22:13:00,First Half (4PM - Midnight),"BROADWAY & ILLINOIS AV Somerville, MA",DARK - LIGHTED ROADWAY                            ,RAIN                                              ,WET                                               ,NONE                                              ,NO CONTROLS                                       ,T-INTERSECTION                                    ,"TWO-WAY, DIVIDED, UNPROTECTED MEDIAN              ",SINGLE VEHICLE CRASH                              ,COLLISION WITH PEDESTRIAN                         ,ROADWAY                                           ,25 ,N,0,1,0,0,1,0,0,1,1,0,0,MARKED CROSSWALK AT INTERSECTION                  ,"WALKING, RUNNING OR CYCLING                       ",APPARENTLY NORMAL                                 ,N,42.3875,-71.0834,1,250173501071007
23070623,2023-12-08 14:15:00,Day Shift (8AM - 4PM),"115 BROADWAY Somerville, MA",DAYLIGHT                                          ,CLEAR                                             ,DRY                                               ,NONE                                              ,NO CONTROLS                                       ,NOT AT INTERSECTION                               ,"TWO-WAY, DIVIDED, POSITIVE MEDIAN BARRIER         ","SIDESWIPE, SAME DIRECTION                         ",COLLISION WITH PARKED MOTOR VEHICLE               ,ROADWAY                                           ,25 ,N,0,0,0,0,3,0,0,0,0,0,0,,,,N,42.3879,-71.0836,1,250173501071007
20016990,2020-03-29 17:26:00,First Half (4PM - Midnight),"BROADWAY & ILLINOIS AV Somerville, MA",DAYLIGHT                                          ,RAIN                                              ,WET                                               ,NONE                                              ,STOP SIGNS                                        ,T-INTERSECTION                                    ,"ONE-WAY, NOT DIVIDED                              ","SIDESWIPE, SAME DIRECTION                         ",COLLISION WITH PARKED MOTOR VEHICLE               ,ROADWAY                                           ,25 ,N,0,0,0,0,3,0,0,0,0,0,0,,,,N,42.3875,-71.0834,1,250173501071007
20034254,2020-07-11 12:22:00,Day Shift (8AM - 4PM),"779 MCGRATH HWY Somerville, MA",DAYLIGHT                                          ,CLEAR                                             ,DRY                                               ,NONE                                              ,NO CONTROLS                                       ,NOT AT INTERSECTION                               ,"TWO-WAY, NOT DIVIDED                              ",UNKNOWN                                           ,COLLISION WITH PEDESTRIAN                         ,UNKNOWN                                           ,10 ,N,0,0,0,1,1,0,0,1,1,0,0,UNKNOWN                                           ,WORKING ON VEHICLE                                ,APPARENTLY NORMAL                                 ,N,42.3916,-71.0857,1,250173501071010
23050379,2023-09-03 10:06:00,Day Shift (8AM - 4PM),"779 MCGRATH HWY Somerville, MA",DAYLIGHT                                          ,CLEAR                                             ,DRY                                               ,NONE                                              ,NO CONTROLS                                       ,T-INTERSECTION                                    ,"TWO-WAY, NOT DIVIDED                              ",HEAD ON                                           ,COLLISION WITH PEDALCYCLE                         ,ROADWAY                                           ,15 ,N,0,0,0,1,2,0,0,1,0,1,0,MARKED CROSSWALK AT INTERSECTION                  ,ENTERING OR CROSSING SPECIFIED LOCATION           ,APPARENTLY NORMAL                                 ,N,42.3916,-71.0857,1,250173501071010
20055318,2020-11-14 14:02:00,Day Shift (8AM - 4PM),"779 MCGRATH HWY Somerville, MA",DAYLIGHT                                          ,CLEAR                                             ,DRY                                               ,NONE                                              ,TRAFFIC CONTROL SIGNAL                            ,NOT AT INTERSECTION                               ,"TWO-WAY, DIVIDED, UNPROTECTED MEDIAN              ","SIDESWIPE, SAME DIRECTION                         ",COLLISION WITH MOTOR VEHICLE IN TRAFFIC           ,ROADWAY                                           ,30 ,N,0,0,0,0,5,0,0,0,0,0,0,,,,N,42.3916,-71.0857,1,250173501071010
24055814,2024-09-11 05:30:00,Last Half (Midnight - 8AM),"779 MCGRATH HWY Somerville, MA",DARK - UNKNOWN ROADWAY LIGHTING                   ,UNKNOWN                                           ,DRY                                               ,UNKNOWN                                           ,NO CONTROLS                                       ,UNKNOWN                                           ,UNKNOWN                                           ,UNKNOWN                                           ,COLLISION WITH PARKED MOTOR VEHICLE               ,UNKNOWN                                           ,30 ,N,0,0,0,0,4,0,0,0,0,0,0,,,,Y,42.3916,-71.0857,1,250173501071010
25024528,2025-05-04 14:59:00,Day Shift (8AM - 4PM),"779 MCGRATH HWY Somerville, MA",DAYLIGHT                                          ,RAIN                                              ,WET                                               ,UNKNOWN                                           ,NO CONTROLS                                       ,NOT AT INTERSECTION                               ,UNKNOWN                                           ,SINGLE VEHICLE CRASH                              ,COLLISION WITH OTHER MOVABLE OBJECT               ,OUTSIDE ROADWAY                                   ,25 ,N,0,0,0,0,0,0,0,0,0,0,0,,,,Y,42.3916,-71.0857,1,250173501071010
20018967,2020-04-10 15:48:00,Day Shift (8AM - 4PM),"779 MCGRATH HWY Somerville, MA",DAYLIGHT                                          ,CLOUDY                                            ,WET                                               ,NONE                                              ,NO CONTROLS                                       ,NOT AT INTERSECTION                               ,"TWO-WAY, NOT DIVIDED                              ",ANGLE                                             ,COLLISION WITH MOTOR VEHICLE IN TRAFFIC           ,ROADWAY                                           ,10 ,N,0,0,0,0,3,0,0,0,0,0,0,,,,N,42.3916,-71.0857,1,250173501071010
24002624,2024-01-15 15:15:00,Day Shift (8AM - 4PM),"8 CROSS STREET E Somerville, MA",DAYLIGHT                                          ,CLEAR                                             ,DRY                                               ,NONE                                              ,NO CONTROLS                                       ,NOT AT INTERSECTION                               ,"TWO-WAY, NOT DIVIDED                              ","SIDESWIPE, SAME DIRECTION                         ",COLLISION WITH PARKED MOTOR VEHICLE               ,ROADWAY                                           ,20 ,N,0,0,0,0,1,0,0,0,0,0,0,,,,N,42.3891,-71.0858,1,250173501071012
25004375,2025-01-24 17:09:00,First Half (4PM - Midnight),"7 GARFIELD AVE Somerville, MA",DARK - LIGHTED ROADWAY                            ,CLEAR                                             ,WET                                               ,NONE                                              ,NO CONTROLS                                       ,NOT AT INTERSECTION                               ,"TWO-WAY, NOT DIVIDED                              ","SIDESWIPE, SAME DIRECTION                         ",COLLISION WITH MOTOR VEHICLE IN TRAFFIC           ,ROADWAY                                           ,25 ,N,0,0,0,0,2,0,0,0,0,0,0,,,,N,42.3893,-71.0862,1,250173501071012
22019575,2022-04-12 14:51:00,Day Shift (8AM - 4PM),"179 BROADWAY Somerville, MA",DAYLIGHT                                          ,CLEAR                                             ,DRY                                               ,NONE                                              ,TRAFFIC CONTROL SIGNAL                            ,FOUR WAY INTERSECTION                             ,"TWO-WAY, DIVIDED, UNPROTECTED MEDIAN              ","SIDESWIPE, SAME DIRECTION                         ",COLLISION WITH PARKED MOTOR VEHICLE               ,ROADSIDE                                          ,25 ,N,0,0,0,0,3,0,0,0,0,0,0,,,,N,42.3891,-71.0863,1,250173501071012
25001452,2025-01-08 19:29:00,First Half (4PM - Midnight),"179 BROADWAY Somerville, MA",DARK - LIGHTED ROADWAY                            ,CLEAR                                             ,DRY                                               ,NONE                                              ,STOP SIGNS                                        ,NOT AT INTERSECTION                               ,UNKNOWN                                           ,ANGLE                                             ,COLLISION WITH MOTOR VEHICLE IN TRAFFIC           ,ROADWAY                                           ,30 ,N,0,0,1,0,1,0,0,0,0,0,0,,,,N,42.3891,-71.0863,1,250173501071012
18073278,2018-12-13 10:51:00,Day Shift (8AM - 4PM),"193 BROADWAY Somerville, MA",DAYLIGHT                                          ,CLEAR                                             ,DRY                                               ,NONE                                              ,NO CONTROLS                                       ,NOT AT INTERSECTION                               ,"TWO-WAY, DIVIDED, UNPROTECTED MEDIAN              ",HEAD ON                                           ,COLLISION WITH CURB                               ,ROADWAY                                           ,30 ,N,0,0,0,0,2,0,0,0,0,0,0,,,,N,42.3896,-71.087,1,250173501071013
18062755,2018-10-22 17:23:00,First Half (4PM - Midnight),"16 GARFIELD AV Somerville, MA",DUSK                                              ,CLEAR                                             ,DRY                                               ,NONE                                              ,NO CONTROLS                                       ,NOT AT INTERSECTION                               ,"TWO-WAY, NOT DIVIDED                              ",HEAD ON                                           ,COLLISION WITH MOTOR VEHICLE IN TRAFFIC           ,ROADWAY                                           ,25 ,N,0,0,0,1,2,0,0,0,0,0,0,,,,N,42.3899,-71.0862,1,250173501071013