Crash Number,Date and Time of Crash,Police Shift,Crash Location,Light Conditions,Weather Conditions,Road Surface,Road Contributing Circumstances,Traffic Control Device Type,Roadway Intersection Type,Trafficway Description,Manner of Collision,First Harmful Event,First Harmful Event Location,Speed Limit,Work Zone,Count Fatal Injury ,Count Suspected Serious Injury,Count Suspected Minor Injury ,Count Possible Injury,Count No Apparent Injury,Count Unknown Injury,Count Not Reported Injury,Total Non-Motorists,Pedestrian Involvement (Non-Motorist),Cyclist Involvement (Non-Motorist),Other Non-Motorist Involvement,Non-Motorist Location ,Non-Motorist Action,Non-Motorist Condition,Hit and Run Flag,Latitude,Longitude,Ward,Block Code 
24017363,2024-03-29 02:01:00,Last Half (Midnight - 8AM),"12 GARFIELD AV Somerville, MA",DARK - LIGHTED ROADWAY                            ,RAIN                                              ,WET                                               ,UNKNOWN                                           ,NO CONTROLS                                       ,NOT AT INTERSECTION                               ,"TWO-WAY, NOT DIVIDED                              ","SIDESWIPE, SAME DIRECTION                         ",COLLISION WITH PARKED MOTOR VEHICLE               ,ROADWAY                                           ,25 ,N,0,0,1,0,1,0,0,0,0,0,0,,,,N,42.3896,-71.0862,1,250173501071013
21020393,2021-04-24 21:16:00,First Half (4PM - Midnight),"187 BROADWAY Somerville, MA",DARK - LIGHTED ROADWAY                            ,CLEAR                                             ,DRY                                               ,NONE                                              ,NO CONTROLS                                       ,NOT AT INTERSECTION                               ,"TWO-WAY, DIVIDED, POSITIVE MEDIAN BARRIER         ",SINGLE VEHICLE CRASH                              ,COLLISION WITH LIGHT POLE OR OTHER POST/SUPPORT   ,MEDIAN                                            ,25 ,N,0,0,0,0,1,0,0,0,0,0,0,,,,N,42.3894,-71.0868,1,250173501071013
20049540,2020-10-13 11:27:00,Day Shift (8AM - 4PM),"709 MCGRATH HWY Somerville, MA",DAYLIGHT                                          ,RAIN                                              ,WET                                               ,NONE                                              ,NO CONTROLS                                       ,NOT AT INTERSECTION                               ,"TWO-WAY, NOT DIVIDED                              ","SIDESWIPE, SAME DIRECTION                         ",OTHER                                             ,OUTSIDE ROADWAY                                   ,5  ,N,0,0,0,0,2,0,0,0,0,0,0,,,,N,42.3906,-71.0867,1,250173501071014
21017303,2021-04-06 14:16:00,Day Shift (8AM - 4PM),"197 BROADWAY Somerville, MA",DAYLIGHT                                          ,CLEAR                                             ,DRY                                               ,NONE                                              ,NO CONTROLS                                       ,NOT AT INTERSECTION                               ,"TWO-WAY, DIVIDED, UNPROTECTED MEDIAN              ",REAR-END                                          ,COLLISION WITH MOTOR VEHICLE IN TRAFFIC           ,ROADWAY                                           ,25 ,N,0,0,0,0,4,0,0,0,0,0,0,,,,N,42.3897,-71.0873,1,250173501071014
20010805,2020-02-26 00:59:00,Last Half (Midnight - 8AM),"205 BROADWAY Somerville, MA",DARK - LIGHTED ROADWAY                            ,RAIN                                              ,WET                                               ,NONE                                              ,TRAFFIC CONTROL SIGNAL                            ,FOUR WAY INTERSECTION                             ,"TWO-WAY, DIVIDED, UNPROTECTED MEDIAN              ",ANGLE                                             ,COLLISION WITH MOTOR VEHICLE IN TRAFFIC           ,ROADWAY                                           ,35 ,N,0,0,0,1,2,0,0,0,0,0,0,,,,N,42.3899,-71.0876,1,250173501071014
22057509,2022-10-07 20:41:00,First Half (4PM - Midnight),"709 MCGRATH HWY Somerville, MA",DARK - LIGHTED ROADWAY                            ,CLEAR                                             ,DRY                                               ,NONE                                              ,TRAFFIC CONTROL SIGNAL                            ,T-INTERSECTION                                    ,"TWO-WAY, DIVIDED, POSITIVE MEDIAN BARRIER         ",REAR-END                                          ,COLLISION WITH MOTOR VEHICLE IN TRAFFIC           ,ROADWAY                                           ,25 ,N,0,0,0,0,3,0,0,0,0,0,0,,,,N,42.3906,-71.0867,1,250173501071014
24007589,2024-02-10 01:00:00,Last Half (Midnight - 8AM),"0 MCGRATH HIGHWAY Somerville, MA",DARK - ROADWAY NOT LIGHTED                        ,RAIN                                              ,WET                                               ,UNKNOWN                                           ,NO CONTROLS                                       ,NOT AT INTERSECTION                               ,UNKNOWN                                           ,SINGLE VEHICLE CRASH                              ,COLLISION WITH GUARDRAIL                          ,ROADWAY                                           ,30 ,N,0,0,1,0,0,0,0,0,0,0,0,,,,N,42.39,-71.0878,1,250173501071014
20001342,2020-01-09 11:08:00,Day Shift (8AM - 4PM),"709 MCGRATH HWY Somerville, MA",DAYLIGHT                                          ,CLEAR                                             ,DRY                                               ,NONE                                              ,TRAFFIC CONTROL SIGNAL                            ,T-INTERSECTION                                    ,"TWO-WAY, NOT DIVIDED                              ",ANGLE                                             ,COLLISION WITH MOTOR VEHICLE IN TRAFFIC           ,ROADWAY                                           ,35 ,N,0,0,0,0,2,0,0,0,0,0,0,,,,N,42.3906,-71.0867,1,250173501071014
18030205,2018-05-21 21:13:00,First Half (4PM - Midnight),"BROADWAY & CROSS ST Somerville, MA",DUSK                                              ,CLEAR                                             ,DRY                                               ,NONE                                              ,TRAFFIC CONTROL SIGNAL                            ,T-INTERSECTION                                    ,"TWO-WAY, DIVIDED, UNPROTECTED MEDIAN              ",ANGLE                                             ,COLLISION WITH MOTOR VEHICLE IN TRAFFIC           ,ROADWAY                                           ,20 ,N,0,0,0,1,2,0,0,0,0,0,0,,,,Y,42.3886,-71.086,1,250173501071015
19062381,2019-10-31 07:31:00,Last Half (Midnight - 8AM),"BROADWAY & AUTUMN ST Somerville, MA",DAYLIGHT                                          ,RAIN                                              ,WET                                               ,NONE                                              ,NO CONTROLS                                       ,T-INTERSECTION                                    ,"TWO-WAY, DIVIDED, POSITIVE MEDIAN BARRIER         ",REAR-END                                          ,COLLISION WITH PARKED MOTOR VEHICLE               ,ROADWAY                                           ,25 ,N,0,0,0,0,3,0,0,0,0,0,0,,,,N,42.3891,-71.0869,1,250173501071015
23045002,2023-08-09 11:37:00,Day Shift (8AM - 4PM),"BROADWAY & CROSS STREET E Somerville, MA",DAYLIGHT                                          ,CLEAR                                             ,DRY                                               ,NONE                                              ,TRAFFIC CONTROL SIGNAL                            ,FOUR WAY INTERSECTION                             ,"TWO-WAY, DIVIDED, POSITIVE MEDIAN BARRIER         ",ANGLE                                             ,COLLISION WITH MOTOR VEHICLE IN TRAFFIC           ,ROADWAY                                           ,25 ,N,0,0,0,0,3,0,0,0,0,0,0,,,,N,42.3886,-71.086,1,250173501071015
22020675,2022-04-17 18:16:00,First Half (4PM - Midnight),"BROADWAY & GARFIELD AV Somerville, MA",DAYLIGHT                                          ,CLEAR                                             ,DRY                                               ,NONE                                              ,TRAFFIC CONTROL SIGNAL                            ,T-INTERSECTION                                    ,"TWO-WAY, DIVIDED, POSITIVE MEDIAN BARRIER         ",ANGLE                                             ,COLLISION WITH MOTOR VEHICLE IN TRAFFIC           ,OUTSIDE ROADWAY                                   ,25 ,N,0,0,0,0,4,0,0,0,0,0,0,,,,N,42.389,-71.0868,1,250173501071015
25006689,2025-02-05 15:22:00,Day Shift (8AM - 4PM),"BROADWAY & GARFIELD AV Somerville, MA",DAYLIGHT                                          ,CLEAR                                             ,DRY                                               ,NONE                                              ,TRAFFIC CONTROL SIGNAL                            ,T-INTERSECTION                                    ,"TWO-WAY, NOT DIVIDED                              ",SINGLE VEHICLE CRASH                              ,COLLISION WITH MOTOR VEHICLE IN TRAFFIC           ,ROADWAY                                           ,25 ,N,0,0,0,0,3,0,0,0,0,0,0,,,,N,42.389,-71.0868,1,250173501071015
22068412,2022-12-03 11:38:00,Day Shift (8AM - 4PM),"BROADWAY & GARFIELD Somerville, MA",DAYLIGHT                                          ,RAIN                                              ,WET                                               ,NONE                                              ,TRAFFIC CONTROL SIGNAL                            ,T-INTERSECTION                                    ,"TWO-WAY, DIVIDED, POSITIVE MEDIAN BARRIER         ",ANGLE                                             ,COLLISION WITH MOTOR VEHICLE IN TRAFFIC           ,ROADWAY                                           ,25 ,N,0,0,0,1,3,0,0,0,0,0,0,,,,N,42.389,-71.0868,1,250173501071015
20048922,2020-10-10 00:27:00,Last Half (Midnight - 8AM),"BROADWAY & GARFIELD AV Somerville, MA",DARK - LIGHTED ROADWAY                            ,CLEAR                                             ,DRY                                               ,NONE                                              ,TRAFFIC CONTROL SIGNAL                            ,FOUR WAY INTERSECTION                             ,"TWO-WAY, DIVIDED, POSITIVE MEDIAN BARRIER         ",HEAD ON                                           ,COLLISION WITH MOTOR VEHICLE IN TRAFFIC           ,ROADWAY                                           ,25 ,N,0,0,0,0,3,0,0,0,0,0,0,,,,N,42.389,-71.0868,1,250173501071015
22038608,2022-07-11 17:44:00,First Half (4PM - Midnight),"BROADWAY & GARFIELD AV Somerville, MA",DAYLIGHT                                          ,CLEAR                                             ,DRY                                               ,UNKNOWN                                           ,TRAFFIC CONTROL SIGNAL                            ,T-INTERSECTION                                    ,"TWO-WAY, DIVIDED, UNPROTECTED MEDIAN              ",ANGLE                                             ,COLLISION WITH MOTOR VEHICLE IN TRAFFIC           ,ROADWAY                                           ,25 ,N,0,0,2,0,3,0,0,0,0,0,0,,,,N,42.389,-71.0868,1,250173501071015
19016062,2019-03-23 18:51:00,First Half (4PM - Midnight),"BROADWAY & GARFIELD AV Somerville, MA",DUSK                                              ,CLEAR                                             ,DRY                                               ,NONE                                              ,TRAFFIC CONTROL SIGNAL                            ,FOUR WAY INTERSECTION                             ,"TWO-WAY, DIVIDED, UNPROTECTED MEDIAN              ",ANGLE                                             ,COLLISION WITH UNKNOWN FIXED OBJECT               ,ROADWAY                                           ,30 ,N,0,0,0,0,4,0,0,0,0,0,0,,,,N,42.389,-71.0868,1,250173501071015
24056080,2024-09-12 08:38:00,Day Shift (8AM - 4PM),"BROADWAY & MACARTHUR Somerville, MA",DAYLIGHT                                          ,CLEAR                                             ,DRY                                               ,NONE                                              ,STOP SIGNS                                        ,T-INTERSECTION                                    ,"TWO-WAY, DIVIDED, UNPROTECTED MEDIAN              ",SINGLE VEHICLE CRASH                              ,COLLISION WITH PEDESTRIAN                         ,ROADWAY                                           ,20 ,N,0,1,0,0,1,0,0,1,1,0,0,MARKED CROSSWALK AT INTERSECTION                  ,ENTERING OR CROSSING SPECIFIED LOCATION           ,APPARENTLY NORMAL                                 ,N,42.3894,-71.0878,1,250173501071015
24068648,2024-11-02 13:28:00,Day Shift (8AM - 4PM),"BROADWAY & CROSS ST Somerville, MA",DAYLIGHT                                          ,CLEAR                                             ,DRY                                               ,NONE                                              ,NO CONTROLS                                       ,FOUR WAY INTERSECTION                             ,"TWO-WAY, NOT DIVIDED                              ",REAR-END                                          ,OTHER                                             ,ROADWAY                                           ,20 ,N,0,0,0,1,0,1,0,1,0,0,1,IN ROADWAY                                        ,OTHER                                             ,APPARENTLY NORMAL                                 ,Y,42.3886,-71.086,1,250173501071015
19041481,2019-07-21 19:17:00,First Half (4PM - Midnight),"BROADWAY & GARFIELD AV Somerville, MA",DAYLIGHT                                          ,CLEAR                                             ,DRY                                               ,NONE                                              ,TRAFFIC CONTROL SIGNAL                            ,T-INTERSECTION                                    ,"ONE-WAY, NOT DIVIDED                              ",REAR-END                                          ,COLLISION WITH PARKED MOTOR VEHICLE               ,ROADSIDE                                          ,25 ,N,0,0,0,1,1,0,0,1,0,1,0,SHARED-USE PATH OR TRAILS                         ,OTHER                                             ,APPARENTLY NORMAL                                 ,N,42.389,-71.0868,1,250173501071015
21012885,2021-03-12 19:46:00,First Half (4PM - Midnight),"BROADWAY & CROSS ST Somerville, MA",DARK - LIGHTED ROADWAY                            ,CLEAR                                             ,DRY                                               ,NONE                                              ,TRAFFIC CONTROL SIGNAL                            ,FOUR WAY INTERSECTION                             ,"TWO-WAY, DIVIDED, POSITIVE MEDIAN BARRIER         ",REAR-END                                          ,COLLISION WITH MOTOR VEHICLE IN TRAFFIC           ,ROADWAY                                           ,30 ,N,0,0,0,1,2,0,0,0,0,0,0,,,,N,42.3886,-71.086,1,250173501071015
23049696,2023-08-31 09:02:00,Day Shift (8AM - 4PM),"1 MINNESOTA AV Somerville, MA",DAYLIGHT                                          ,CLEAR                                             ,DRY                                               ,NONE                                              ,NO CONTROLS                                       ,T-INTERSECTION                                    ,"TWO-WAY, NOT DIVIDED                              ",SINGLE VEHICLE CRASH                              ,COLLISION WITH LIGHT POLE OR OTHER POST/SUPPORT   ,OUTSIDE ROADWAY                                   ,25 ,Y,0,0,0,0,2,0,0,0,0,0,0,,,,N,42.3886,-71.085,1,250173501071017
18044947,2018-07-29 01:59:00,Last Half (Midnight - 8AM),"CENTRAL ST & ROBINSON ST Somerville, MA",DARK - LIGHTED ROADWAY                            ,CLEAR                                             ,DRY                                               ,,NO CONTROLS                                       ,Y-INTERSECTION                                    ,"TWO-WAY, NOT DIVIDED                              ",ANGLE                                             ,,ROADWAY                                           ,,N,0,0,0,0,2,0,0,0,0,0,0,,,,Y,42.392,-71.101,5,250173502021004
22065137,2022-11-13 18:07:00,First Half (4PM - Midnight),"BROADWAY & MT VERNON ST Somerville, MA",DARK - LIGHTED ROADWAY                            ,CLEAR                                             ,DRY                                               ,NONE                                              ,TRAFFIC CONTROL SIGNAL                            ,FOUR WAY INTERSECTION                             ,"TWO-WAY, DIVIDED, POSITIVE MEDIAN BARRIER         ",REAR-END                                          ,COLLISION WITH MOTOR VEHICLE IN TRAFFIC           ,ROADWAY                                           ,25 ,N,0,0,0,0,2,0,0,0,0,0,0,,,,N,42.3862,-71.0788,1,250173501071020
24052002,2024-08-26 18:03:00,First Half (4PM - Midnight),"81 BROADWAY Somerville, MA",DAYLIGHT                                          ,CLEAR                                             ,DRY                                               ,NONE                                              ,TRAFFIC CONTROL SIGNAL                            ,NOT AT INTERSECTION                               ,UNKNOWN                                           ,REAR-END                                          ,COLLISION WITH MOTOR VEHICLE IN TRAFFIC           ,ROADWAY                                           ,25 ,N,0,0,0,0,4,0,0,0,0,0,0,,,,N,42.3874,-71.0819,1,250173501071021
20004349,2020-01-24 20:50:00,First Half (4PM - Midnight),"81 BROADWAY Somerville, MA",DARK - LIGHTED ROADWAY                            ,CLEAR                                             ,DRY                                               ,NONE                                              ,TRAFFIC CONTROL SIGNAL                            ,NOT AT INTERSECTION                               ,"TWO-WAY, DIVIDED, UNPROTECTED MEDIAN              ",REAR-END                                          ,COLLISION WITH MOTOR VEHICLE IN TRAFFIC           ,ROADWAY                                           ,25 ,N,0,0,1,0,2,0,0,0,0,0,0,,,,N,42.3874,-71.0819,1,250173501071021
21061787,2021-11-27 18:52:00,First Half (4PM - Midnight),"91 BROADWAY Somerville, MA",DARK - LIGHTED ROADWAY                            ,CLEAR                                             ,DRY                                               ,NONE                                              ,TRAFFIC CONTROL SIGNAL                            ,T-INTERSECTION                                    ,"TWO-WAY, DIVIDED, POSITIVE MEDIAN BARRIER         ",REAR-END                                          ,COLLISION WITH MOTOR VEHICLE IN TRAFFIC           ,ROADWAY                                           ,25 ,N,0,0,0,0,3,0,0,0,0,0,0,,,,N,42.3875,-71.0823,1,250173501071021
24071176,2024-11-13 13:02:00,Day Shift (8AM - 4PM),"BROADWAY & FRANKLIN ST Somerville, MA",DAYLIGHT                                          ,CLEAR                                             ,DRY                                               ,NONE                                              ,TRAFFIC CONTROL SIGNAL                            ,T-INTERSECTION                                    ,"TWO-WAY, DIVIDED, POSITIVE MEDIAN BARRIER         ",REAR-END                                          ,COLLISION WITH MOTOR VEHICLE IN TRAFFIC           ,ROADWAY                                           ,25 ,N,0,0,0,1,2,0,0,0,0,0,0,,,,N,42.3872,-71.0823,1,250173501071022
24079145,2024-12-20 15:43:00,Day Shift (8AM - 4PM),"MORELAND ST & MYSTIC AV Somerville, MA",DARK - LIGHTED ROADWAY                            ,SNOW                                              ,WET                                               ,ROAD SURFACE CONDITION                            ,STOP SIGNS                                        ,T-INTERSECTION                                    ,UNKNOWN                                           ,REAR-END                                          ,COLLISION WITH MOTOR VEHICLE IN TRAFFIC           ,ROADWAY                                           ,25 ,N,0,0,0,0,4,0,0,0,0,0,0,,,,N,42.3999,-71.0953,4,250173501081002
22047190,2022-08-23 10:29:00,Day Shift (8AM - 4PM),"MORELAND ST & MYSTIC AV Somerville, MA",DAYLIGHT                                          ,CLOUDY                                            ,DRY                                               ,NONE                                              ,STOP SIGNS                                        ,T-INTERSECTION                                    ,"ONE-WAY, NOT DIVIDED                              ","SIDESWIPE, SAME DIRECTION                         ",COLLISION WITH PARKED MOTOR VEHICLE               ,ROADSIDE                                          ,25 ,N,0,0,0,0,3,0,0,0,0,0,0,,,,N,42.3999,-71.0953,4,250173501081002
22034435,2022-06-19 11:13:00,Day Shift (8AM - 4PM),"TEMPLE ST & NA Somerville, MA",DAYLIGHT                                          ,CLEAR                                             ,DRY                                               ,NONE                                              ,NO CONTROLS                                       ,NOT AT INTERSECTION                               ,"TWO-WAY, DIVIDED, UNPROTECTED MEDIAN              ","SIDESWIPE, SAME DIRECTION                         ",COLLISION WITH MOTOR VEHICLE IN TRAFFIC           ,ROADWAY                                           ,20 ,N,0,0,0,0,9,0,0,0,0,0,0,,,,N,42.3946,-71.0918,4,250173501081004
23019183,2023-04-11 04:30:00,Last Half (Midnight - 8AM),"E ALBION ST & MORELAND ST Somerville, MA",DARK - LIGHTED ROADWAY                            ,CLEAR                                             ,DRY                                               ,NONE                                              ,NO CONTROLS                                       ,FOUR WAY INTERSECTION                             ,"ONE-WAY, NOT DIVIDED                              ","SIDESWIPE, SAME DIRECTION                         ",COLLISION WITH PARKED MOTOR VEHICLE               ,ROADWAY                                           ,20 ,N,0,0,0,0,3,0,0,0,0,0,0,,,,N,42.3992,-71.0958,4,250173501081004
24070480,2024-11-10 11:30:00,Day Shift (8AM - 4PM),"40 RIVER RD Somerville, MA",DAYLIGHT                                          ,CLEAR                                             ,DRY                                               ,UNKNOWN                                           ,NO CONTROLS                                       ,NOT AT INTERSECTION                               ,"TWO-WAY, NOT DIVIDED                              ",HEAD ON                                           ,COLLISION WITH PARKED MOTOR VEHICLE               ,ROADWAY                                           ,15 ,N,0,0,1,0,1,0,0,0,0,0,0,,,,N,42.398,-71.093,4,250173501081004
19057567,2019-10-07 04:18:00,Last Half (Midnight - 8AM),"20 RIVER RD Somerville, MA",DARK - LIGHTED ROADWAY                            ,CLEAR                                             ,DRY                                               ,UNKNOWN                                           ,NO CONTROLS                                       ,NOT AT INTERSECTION                               ,"TWO-WAY, NOT DIVIDED                              ",HEAD ON                                           ,COLLISION WITH PARKED MOTOR VEHICLE               ,ROADWAY                                           ,20 ,N,0,0,0,0,4,0,0,0,0,0,0,,,,N,42.3976,-71.0926,4,250173501081004
23014155,2023-03-19 05:12:00,Last Half (Midnight - 8AM),"62 TEMPLE ST Somerville, MA",DARK - LIGHTED ROADWAY                            ,CLEAR                                             ,DRY                                               ,NONE                                              ,NO CONTROLS                                       ,NOT AT INTERSECTION                               ,"TWO-WAY, NOT DIVIDED                              ",HEAD ON                                           ,COLLISION WITH PARKED MOTOR VEHICLE               ,ROADWAY                                           ,20 ,N,0,0,1,0,1,0,0,0,0,0,0,,,,N,42.3948,-71.092,4,250173501081004
22069375,2022-12-08 19:35:00,First Half (4PM - Midnight),"DERBY ST & TEMPLE ST Somerville, MA",DARK - LIGHTED ROADWAY                            ,CLEAR                                             ,DRY                                               ,NONE                                              ,NO CONTROLS                                       ,T-INTERSECTION                                    ,"TWO-WAY, DIVIDED, UNPROTECTED MEDIAN              ",REAR-END                                          ,COLLISION WITH MOTOR VEHICLE IN TRAFFIC           ,ROADWAY                                           ,25 ,N,0,0,0,1,3,0,0,0,0,0,0,,,,N,42.395,-71.0915,4,250173501081004
22014623,2022-03-20 00:24:00,Last Half (Midnight - 8AM),"TEMPLE ST & DERBY ST Somerville, MA",DARK - LIGHTED ROADWAY                            ,CLEAR                                             ,WET                                               ,NONE                                              ,NO CONTROLS                                       ,T-INTERSECTION                                    ,"TWO-WAY, DIVIDED, UNPROTECTED MEDIAN              ",SINGLE VEHICLE CRASH                              ,COLLISION WITH PARKED MOTOR VEHICLE               ,ROADWAY                                           ,25 ,N,0,0,0,0,4,0,0,0,0,0,0,,,,N,42.395,-71.0915,4,250173501081004
24079179,2024-12-20 17:31:00,First Half (4PM - Midnight),"5 MEACHAM ST Somerville, MA",DARK - ROADWAY NOT LIGHTED                        ,SNOW                                              ,SNOW                                              ,ROAD SURFACE CONDITION                            ,NO CONTROLS                                       ,NOT AT INTERSECTION                               ,"ONE-WAY, NOT DIVIDED                              ",ANGLE                                             ,COLLISION WITH PARKED MOTOR VEHICLE               ,ROADWAY                                           ,25 ,N,0,0,0,0,3,0,0,0,0,0,0,,,,N,42.3975,-71.0954,4,250173501081004
20011014,2020-02-26 18:39:00,First Half (4PM - Midnight),"103 JAQUES ST Somerville, MA",DARK - LIGHTED ROADWAY                            ,CLOUDY                                            ,DRY                                               ,NONE                                              ,NO CONTROLS                                       ,NOT AT INTERSECTION                               ,"ONE-WAY, NOT DIVIDED                              ","SIDESWIPE, SAME DIRECTION                         ",COLLISION WITH PARKED MOTOR VEHICLE               ,ROADWAY                                           ,20 ,N,0,0,0,0,3,0,0,0,0,0,0,,,,N,42.3956,-71.094,4,250173501081004
22063075,2022-11-03 10:52:00,Day Shift (8AM - 4PM),"125 JAQUES ST Somerville, MA",DAYLIGHT                                          ,CLEAR                                             ,DRY                                               ,NONE                                              ,NO CONTROLS                                       ,NOT AT INTERSECTION                               ,"ONE-WAY, NOT DIVIDED                              ",REAR TO REAR                                      ,COLLISION WITH PARKED MOTOR VEHICLE               ,OUTSIDE ROADWAY                                   ,20 ,N,0,0,0,1,3,0,0,0,0,0,0,,,,N,42.3962,-71.0949,4,250173501081004
19011260,2019-03-01 11:21:00,Day Shift (8AM - 4PM),"30 MEMORIAL RD Somerville, MA",DAYLIGHT                                          ,CLEAR                                             ,WET                                               ,NONE                                              ,NO CONTROLS                                       ,NOT AT INTERSECTION                               ,"ONE-WAY, NOT DIVIDED                              ",REAR TO REAR                                      ,COLLISION WITH MOTOR VEHICLE IN TRAFFIC           ,ROADWAY                                           ,15 ,N,0,0,0,2,1,0,0,0,0,0,0,,,,N,42.396,-71.0925,4,250173501081004
19053103,2019-09-15 15:14:00,Day Shift (8AM - 4PM),"10 MEMORIAL RD Somerville, MA",DAYLIGHT                                          ,CLEAR                                             ,DRY                                               ,NONE                                              ,NO CONTROLS                                       ,NOT AT INTERSECTION                               ,"TWO-WAY, NOT DIVIDED                              ",SINGLE VEHICLE CRASH                              ,COLLISION WITH PEDALCYCLE                         ,ROADWAY                                           ,15 ,N,0,0,0,0,1,1,0,1,0,1,0,IN ROADWAY                                        ,"WALKING, RUNNING OR CYCLING                       ",UNKNOWN                                           ,N,42.3956,-71.0919,4,250173501081004
24064479,2024-10-16 04:09:00,Last Half (Midnight - 8AM),"CANAL LN & MEMORIAL RD Somerville, MA",DARK - LIGHTED ROADWAY                            ,CLEAR                                             ,DRY                                               ,OTHER                                             ,NO CONTROLS                                       ,NOT AT INTERSECTION                               ,"TWO-WAY, NOT DIVIDED                              ",SINGLE VEHICLE CRASH                              ,OTHER                                             ,ROADWAY                                           ,25 ,N,0,0,0,0,2,0,0,0,0,0,0,,,,N,42.3965,-71.0937,4,250173501081004
22034238,2022-06-18 08:27:00,Day Shift (8AM - 4PM),"125 JAQUES ST Somerville, MA",DAYLIGHT                                          ,CLEAR                                             ,DRY                                               ,NONE                                              ,NO CONTROLS                                       ,NOT AT INTERSECTION                               ,"ONE-WAY, NOT DIVIDED                              ","SIDESWIPE, SAME DIRECTION                         ",UNKNOWN                                           ,UNKNOWN                                           ,25 ,N,0,0,0,0,3,0,0,0,0,0,0,,,,Y,42.3962,-71.0949,4,250173501081004
19050599,2019-09-03 01:18:00,Last Half (Midnight - 8AM),"71 MORELAND ST Somerville, MA",DARK - LIGHTED ROADWAY                            ,RAIN                                              ,WET                                               ,NONE                                              ,NO CONTROLS                                       ,NOT AT INTERSECTION                               ,"ONE-WAY, NOT DIVIDED                              ","SIDESWIPE, SAME DIRECTION                         ",COLLISION WITH MOTOR VEHICLE IN TRAFFIC           ,ROADSIDE                                          ,25 ,N,0,0,0,0,4,0,0,0,0,0,0,,,,N,42.3983,-71.0964,4,250173501081006
22024819,2022-05-06 14:02:00,Day Shift (8AM - 4PM),"ASH AVENUE & MEACHAM STREET Somerville, MA",DAYLIGHT                                          ,CLEAR                                             ,DRY                                               ,NONE                                              ,STOP SIGNS                                        ,T-INTERSECTION                                    ,"TWO-WAY, NOT DIVIDED                              ","SIDESWIPE, OPPOSITE DIRECTION                     ",COLLISION WITH MOTOR VEHICLE IN TRAFFIC           ,ROADWAY                                           ,20 ,N,0,0,1,0,1,1,0,0,0,0,0,,,,Y,42.3976,-71.0964,4,250173501081006
24042486,2024-07-16 23:33:00,First Half (4PM - Midnight),"19 MEACHAM ST Somerville, MA",DARK - UNKNOWN ROADWAY LIGHTING                   ,OTHER                                             ,DRY                                               ,TRAFFIC CONTROL DEVICE                            ,STOP SIGNS                                        ,FOUR WAY INTERSECTION                             ,"TWO-WAY, NOT DIVIDED                              ","SIDESWIPE, SAME DIRECTION                         ",COLLISION WITH MOTOR VEHICLE IN TRAFFIC           ,ROADWAY                                           ,25 ,N,0,0,0,0,1,1,0,0,0,0,0,,,,N,42.3978,-71.0966,4,250173501081006
19032871,2019-06-12 08:06:00,Day Shift (8AM - 4PM),"CENTURY ST & MEACHAM ST Somerville, MA",DAYLIGHT                                          ,CLEAR                                             ,DRY                                               ,NONE                                              ,STOP SIGNS                                        ,FOUR WAY INTERSECTION                             ,"TWO-WAY, NOT DIVIDED                              ",ANGLE                                             ,COLLISION WITH MOTOR VEHICLE IN TRAFFIC           ,ROADWAY                                           ,25 ,N,0,0,0,0,2,0,0,0,0,0,0,,,,N,42.3976,-71.0964,4,250173501081006
19071341,2019-12-17 10:51:00,Day Shift (8AM - 4PM),"CENTURY ST & MEACHAM ST Somerville, MA",DAYLIGHT                                          ,CLOUDY                                            ,SNOW                                              ,NONE                                              ,NO CONTROLS                                       ,T-INTERSECTION                                    ,"TWO-WAY, NOT DIVIDED                              ","SIDESWIPE, OPPOSITE DIRECTION                     ",COLLISION WITH PARKED MOTOR VEHICLE               ,ROADWAY                                           ,20 ,N,0,0,0,0,3,0,0,0,0,0,0,,,,N,42.3976,-71.0964,4,250173501081006
22053942,2022-09-22 09:08:00,Day Shift (8AM - 4PM),"65 FREMONT ST Somerville, MA",DAYLIGHT                                          ,RAIN                                              ,WET                                               ,NONE                                              ,NO CONTROLS                                       ,NOT AT INTERSECTION                               ,"TWO-WAY, NOT DIVIDED                              ",ANGLE                                             ,COLLISION WITH MOTOR VEHICLE IN TRAFFIC           ,ROADWAY                                           ,25 ,N,0,0,0,0,4,0,0,0,0,0,0,,,,N,42.3986,-71.0974,4,250173501081007
22026755,2022-05-14 21:01:00,First Half (4PM - Midnight),"76 MORELAND ST Somerville, MA",DARK - LIGHTED ROADWAY                            ,CLEAR                                             ,DRY                                               ,NONE                                              ,NO CONTROLS                                       ,NOT AT INTERSECTION                               ,"ONE-WAY, NOT DIVIDED                              ",REAR-END                                          ,COLLISION WITH PARKED MOTOR VEHICLE               ,UNKNOWN                                           ,25 ,N,0,0,1,0,3,0,0,0,0,0,0,,,,N,42.3986,-71.0967,4,250173501081007
20043315,2020-09-08 18:44:00,First Half (4PM - Midnight),"FREMONT ST & MEACHAM ST Somerville, MA",DAYLIGHT                                          ,CLEAR                                             ,DRY                                               ,NONE                                              ,STOP SIGNS                                        ,FOUR WAY INTERSECTION                             ,"TWO-WAY, DIVIDED, UNPROTECTED MEDIAN              ",ANGLE                                             ,COLLISION WITH MOTOR VEHICLE IN TRAFFIC           ,ROADWAY                                           ,25 ,N,0,0,1,0,4,0,0,0,0,0,0,,,,N,42.3983,-71.0979,4,250173501081008
20062577,2020-12-28 17:26:00,First Half (4PM - Midnight),"FREMONT ST & MEACHAM ST Somerville, MA",DARK - ROADWAY NOT LIGHTED                        ,CLEAR                                             ,DRY                                               ,NONE                                              ,STOP SIGNS                                        ,FOUR WAY INTERSECTION                             ,"ONE-WAY, NOT DIVIDED                              ",ANGLE                                             ,COLLISION WITH MOTOR VEHICLE IN TRAFFIC           ,ROADWAY                                           ,25 ,N,0,0,0,0,4,0,0,0,0,0,0,,,,N,42.3983,-71.0979,4,250173501081008