Crash Number,Date and Time of Crash,Police Shift,Crash Location,Light Conditions,Weather Conditions,Road Surface,Road Contributing Circumstances,Traffic Control Device Type,Roadway Intersection Type,Trafficway Description,Manner of Collision,First Harmful Event,First Harmful Event Location,Speed Limit,Work Zone,Count Fatal Injury ,Count Suspected Serious Injury,Count Suspected Minor Injury ,Count Possible Injury,Count No Apparent Injury,Count Unknown Injury,Count Not Reported Injury,Total Non-Motorists,Pedestrian Involvement (Non-Motorist),Cyclist Involvement (Non-Motorist),Other Non-Motorist Involvement,Non-Motorist Location ,Non-Motorist Action,Non-Motorist Condition,Hit and Run Flag,Latitude,Longitude,Ward,Block Code 
21014617,2021-03-22 19:28:00,First Half (4PM - Midnight),"21 RICHARDSON ST Somerville, MA",DUSK                                              ,CLEAR                                             ,DRY                                               ,NONE                                              ,NO CONTROLS                                       ,T-INTERSECTION                                    ,"TWO-WAY, NOT DIVIDED                              ",SINGLE VEHICLE CRASH                              ,COLLISION WITH LIGHT POLE OR OTHER POST/SUPPORT   ,ROADWAY                                           ,5  ,N,0,0,0,0,1,0,0,0,0,0,0,,,,N,42.3959,-71.1052,5,250173503003008
22001090,2022-01-08 07:36:00,Last Half (Midnight - 8AM),"26 HINCKLEY ST Somerville, MA",DARK - LIGHTED ROADWAY                            ,OTHER                                             ,SNOW                                              ,OTHER                                             ,NO CONTROLS                                       ,NOT AT INTERSECTION                               ,"TWO-WAY, NOT DIVIDED                              ","SIDESWIPE, OPPOSITE DIRECTION                     ",COLLISION WITH PARKED MOTOR VEHICLE               ,ROADWAY                                           ,25 ,N,0,0,0,0,2,0,0,0,0,0,0,,,,N,42.3966,-71.1056,5,250173503003008
23048691,2023-08-26 16:48:00,First Half (4PM - Midnight),"7 LOWELL TER Somerville, MA",DAYLIGHT                                          ,CLEAR                                             ,DRY                                               ,NONE                                              ,NO CONTROLS                                       ,NOT AT INTERSECTION                               ,UNKNOWN                                           ,UNKNOWN                                           ,COLLISION WITH MOTOR VEHICLE IN TRAFFIC           ,OUTSIDE ROADWAY                                   ,25 ,N,0,0,0,0,5,0,0,0,0,0,0,,,,N,42.396,-71.1045,5,250173503003008
23032593,2023-06-11 23:57:00,First Half (4PM - Midnight),"49 HINCKLEY ST Somerville, MA",DARK - LIGHTED ROADWAY                            ,CLEAR                                             ,DRY                                               ,NONE                                              ,NO CONTROLS                                       ,NOT AT INTERSECTION                               ,"ONE-WAY, NOT DIVIDED                              ","SIDESWIPE, SAME DIRECTION                         ",COLLISION WITH MOTOR VEHICLE IN TRAFFIC           ,ROADWAY                                           ,25 ,N,0,0,0,0,3,0,0,0,0,0,0,,,,N,42.396,-71.1063,5,250173503003009
20055818,2020-11-17 08:19:00,Day Shift (8AM - 4PM),"1 FRANEY RD Somerville, MA",DAYLIGHT                                          ,CLEAR                                             ,DRY                                               ,NONE                                              ,NO CONTROLS                                       ,NOT AT INTERSECTION                               ,"TWO-WAY, NOT DIVIDED                              ",ANGLE                                             ,COLLISION WITH MOTOR VEHICLE IN TRAFFIC           ,OUTSIDE ROADWAY                                   ,5  ,N,0,0,0,0,2,0,0,0,0,0,0,,,,N,42.3965,-71.1076,5,250173503003010
19007825,2019-02-12 11:48:00,Day Shift (8AM - 4PM),"1 FRANEY RD Somerville, MA",DAYLIGHT                                          ,CLOUDY                                            ,DRY                                               ,NONE                                              ,NO CONTROLS                                       ,NOT AT INTERSECTION                               ,"TWO-WAY, NOT DIVIDED                              ",ANGLE                                             ,COLLISION WITH MOTOR VEHICLE IN TRAFFIC           ,OUTSIDE ROADWAY                                   ,30 ,N,0,0,0,0,2,0,0,0,0,0,0,,,,N,42.3965,-71.1076,5,250173503003010
23018569,2023-04-08 03:14:00,Last Half (Midnight - 8AM),"1 FRANEY RD Somerville, MA",DARK - LIGHTED ROADWAY                            ,CLEAR                                             ,DRY                                               ,NONE                                              ,NO CONTROLS                                       ,NOT AT INTERSECTION                               ,"TWO-WAY, NOT DIVIDED                              ",REAR-END                                          ,COLLISION WITH PARKED MOTOR VEHICLE               ,ROADWAY                                           ,25 ,N,0,0,0,0,3,0,0,0,0,0,0,,,,N,42.3965,-71.1076,5,250173503003010
22007400,2022-02-13 21:19:00,First Half (4PM - Midnight),"75 HINCKLEY ST Somerville, MA",DARK - LIGHTED ROADWAY                            ,SNOW                                              ,ICE                                               ,ROAD SURFACE CONDITION                            ,NO CONTROLS                                       ,FOUR WAY INTERSECTION                             ,"ONE-WAY, NOT DIVIDED                              ","SIDESWIPE, SAME DIRECTION                         ",COLLISION WITH MOTOR VEHICLE IN TRAFFIC           ,ROADWAY                                           ,25 ,N,0,0,0,0,3,0,0,0,0,0,0,,,,N,42.3952,-71.1068,5,250173503003010
23043319,2023-08-01 09:55:00,Day Shift (8AM - 4PM),"1 FRANEY RD Somerville, MA",DAYLIGHT                                          ,CLEAR                                             ,DRY                                               ,UNKNOWN                                           ,STOP SIGNS                                        ,NOT AT INTERSECTION                               ,"ONE-WAY, NOT DIVIDED                              ","SIDESWIPE, SAME DIRECTION                         ",COLLISION WITH PARKED MOTOR VEHICLE               ,ROADWAY                                           ,20 ,N,0,0,0,0,3,0,0,0,0,0,0,,,,N,42.3965,-71.1076,5,250173503003010
25006429,2025-02-04 09:11:00,Day Shift (8AM - 4PM),"CUTLER ST & RYAN RD Somerville, MA",DAYLIGHT                                          ,CLEAR                                             ,WET                                               ,NONE                                              ,NO CONTROLS                                       ,T-INTERSECTION                                    ,"TWO-WAY, NOT DIVIDED                              ",REAR TO REAR                                      ,COLLISION WITH PARKED MOTOR VEHICLE               ,ROADWAY                                           ,25 ,N,0,0,0,0,3,0,0,0,0,0,0,,,,N,42.3956,-71.1068,5,250173503003010
24004411,2024-01-25 08:44:00,Day Shift (8AM - 4PM),"HINCKLEY ST & WILTON ST Somerville, MA",DAYLIGHT                                          ,CLOUDY                                            ,DRY                                               ,NONE                                              ,STOP SIGNS                                        ,T-INTERSECTION                                    ,"ONE-WAY, NOT DIVIDED                              ",REAR-END                                          ,COLLISION WITH LIGHT POLE OR OTHER POST/SUPPORT   ,ROADWAY                                           ,20 ,Y,0,0,0,0,1,0,0,0,0,0,0,,,,N,42.395,-71.1067,5,250173503003010
24045707,2024-07-30 07:46:00,Last Half (Midnight - 8AM),"1 FRANEY RD Somerville, MA",DAYLIGHT                                          ,CLEAR                                             ,DRY                                               ,NONE                                              ,NO CONTROLS                                       ,NOT AT INTERSECTION                               ,"TWO-WAY, NOT DIVIDED                              ",SINGLE VEHICLE CRASH                              ,OTHER                                             ,ROADWAY                                           ,25 ,N,0,0,0,0,1,0,0,0,0,0,0,,,,N,42.3965,-71.1076,5,250173503003010
22010542,2022-03-01 09:37:00,Day Shift (8AM - 4PM),"66 HINCKLEY ST Somerville, MA",DAYLIGHT                                          ,CLOUDY                                            ,SNOW                                              ,OTHER                                             ,NO CONTROLS                                       ,NOT AT INTERSECTION                               ,"ONE-WAY, NOT DIVIDED                              ","SIDESWIPE, SAME DIRECTION                         ",COLLISION WITH PARKED MOTOR VEHICLE               ,ROADWAY                                           ,20 ,N,0,0,0,0,3,0,0,0,0,0,0,,,,N,42.3954,-71.1064,5,250173503003011
21031513,2021-06-22 16:37:00,First Half (4PM - Midnight),"308 LOWELL ST Somerville, MA",DAYLIGHT                                          ,RAIN                                              ,WET                                               ,OTHER                                             ,NO CONTROLS                                       ,NOT AT INTERSECTION                               ,"TWO-WAY, DIVIDED, UNPROTECTED MEDIAN              ",REAR-END                                          ,COLLISION WITH MOTOR VEHICLE IN TRAFFIC           ,UNKNOWN                                           ,20 ,N,0,0,2,1,1,0,0,0,0,0,0,,,,N,42.3945,-71.1052,5,250173503003013
21062678,2021-12-03 13:56:00,Day Shift (8AM - 4PM),"320 LOWELL ST Somerville, MA",DAYLIGHT                                          ,CLEAR                                             ,DRY                                               ,NONE                                              ,NO CONTROLS                                       ,NOT AT INTERSECTION                               ,"TWO-WAY, NOT DIVIDED                              ","SIDESWIPE, OPPOSITE DIRECTION                     ",COLLISION WITH MOTOR VEHICLE IN TRAFFIC           ,ROADWAY                                           ,20 ,N,0,0,0,0,5,0,0,0,0,0,0,,,,N,42.3949,-71.105,5,250173503003013
18050300,2018-08-23 13:42:00,Day Shift (8AM - 4PM),"23 WILTON ST Somerville, MA",DAYLIGHT                                          ,CLEAR                                             ,DRY                                               ,NONE                                              ,STOP SIGNS                                        ,T-INTERSECTION                                    ,"ONE-WAY, NOT DIVIDED                              ","SIDESWIPE, SAME DIRECTION                         ",COLLISION WITH PARKED MOTOR VEHICLE               ,ROADWAY                                           ,25 ,N,0,0,0,0,1,0,0,0,0,0,0,,,,N,42.3948,-71.1061,5,250173503003014
1800000032,2018-06-22 12:46:00,Day Shift (8AM - 4PM),"DEARBORN RD & PEARSON RD Somerville, MA",DAYLIGHT                                          ,CLEAR                                             ,DRY                                               ,NONE                                              ,STOP SIGNS                                        ,T-INTERSECTION                                    ,"TWO-WAY, NOT DIVIDED                              ",HEAD ON                                           ,COLLISION WITH PEDALCYCLE                         ,ROADWAY                                           ,,N,0,0,1,0,0,0,0,1,0,1,0,,,,N,42.4051,-71.1158,6,250173504001000
19054161,2019-09-20 15:38:00,Day Shift (8AM - 4PM),"DEARBORN RD & PEARSON RD Somerville, MA",DAYLIGHT                                          ,CLEAR                                             ,DRY                                               ,NONE                                              ,NO CONTROLS                                       ,NOT AT INTERSECTION                               ,"TWO-WAY, NOT DIVIDED                              ","SIDESWIPE, SAME DIRECTION                         ",COLLISION WITH MOTOR VEHICLE IN TRAFFIC           ,ROADWAY                                           ,20 ,N,0,0,0,1,3,0,0,0,0,0,0,,,,N,42.4051,-71.1158,6,250173504001000
18026688,2018-05-05 22:47:00,First Half (4PM - Midnight),"32 DEARBORN RD Somerville, MA",DARK - LIGHTED ROADWAY                            ,CLEAR                                             ,DRY                                               ,NONE                                              ,NO CONTROLS                                       ,NOT AT INTERSECTION                               ,"TWO-WAY, NOT DIVIDED                              ",SINGLE VEHICLE CRASH                              ,COLLISION WITH LIGHT POLE OR OTHER POST/SUPPORT   ,ROADSIDE                                          ,25 ,N,0,0,0,0,1,0,0,0,0,0,0,,,,N,42.405,-71.1171,6,250173504001002
21026974,2021-05-29 03:14:00,Last Half (Midnight - 8AM),"185 COLLEGE AV Somerville, MA",DARK - LIGHTED ROADWAY                            ,RAIN                                              ,WET                                               ,UNKNOWN                                           ,NO CONTROLS                                       ,NOT AT INTERSECTION                               ,"TWO-WAY, DIVIDED, UNPROTECTED MEDIAN              ",ANGLE                                             ,COLLISION WITH PARKED MOTOR VEHICLE               ,SHOULDER - PAVED                                  ,25 ,N,0,0,0,0,3,1,0,0,0,0,0,,,,Y,42.4036,-71.1169,6,250173504001003
20049652,2020-10-14 00:59:00,Last Half (Midnight - 8AM),"4 WARNER ST Somerville, MA",DARK - LIGHTED ROADWAY                            ,CLEAR                                             ,WET                                               ,UNKNOWN                                           ,STOP SIGNS                                        ,TRAFFIC CIRCLE                                    ,"TWO-WAY, NOT DIVIDED                              ","SIDESWIPE, OPPOSITE DIRECTION                     ",COLLISION WITH PARKED MOTOR VEHICLE               ,SHOULDER - TRAVEL LANE                            ,25 ,N,0,1,0,0,0,2,0,0,0,0,0,,,,Y,42.4015,-71.1164,6,250173504001003
22045635,2022-08-16 12:03:00,Day Shift (8AM - 4PM),"173 COLLEGE AV Somerville, MA",DAYLIGHT                                          ,CLEAR                                             ,DRY                                               ,NONE                                              ,NO CONTROLS                                       ,NOT AT INTERSECTION                               ,"TWO-WAY, NOT DIVIDED                              ","SIDESWIPE, SAME DIRECTION                         ",COLLISION WITH PARKED MOTOR VEHICLE               ,ROADWAY                                           ,20 ,N,0,0,0,0,3,0,0,0,0,0,0,,,,N,42.4031,-71.1168,6,250173504001003
20017221,2020-03-31 12:39:00,Day Shift (8AM - 4PM),"143 COLLEGE AV Somerville, MA",DAYLIGHT                                          ,CLEAR                                             ,DRY                                               ,NONE                                              ,TRAFFIC CONTROL SIGNAL                            ,TRAFFIC CIRCLE                                    ,"ONE-WAY, NOT DIVIDED                              ",REAR-END                                          ,COLLISION WITH MOTOR VEHICLE IN TRAFFIC           ,ROADWAY                                           ,25 ,N,0,0,0,0,4,0,0,0,0,0,0,,,,N,42.4016,-71.1165,6,250173504001003
23027203,2023-05-17 17:11:00,First Half (4PM - Midnight),"28 DEARBORN RD Somerville, MA",DAYLIGHT                                          ,CLEAR                                             ,DRY                                               ,NONE                                              ,NO CONTROLS                                       ,NOT AT INTERSECTION                               ,"TWO-WAY, NOT DIVIDED                              ","SIDESWIPE, SAME DIRECTION                         ",COLLISION WITH MOTOR VEHICLE IN TRAFFIC           ,ROADWAY                                           ,25 ,N,0,0,0,0,3,0,0,0,0,0,0,,,,N,42.405,-71.117,6,250173504001003
19026786,2019-05-16 01:32:00,Last Half (Midnight - 8AM),"185 COLLEGE AV Somerville, MA",DARK - LIGHTED ROADWAY                            ,CLEAR                                             ,WET                                               ,NONE                                              ,NO CONTROLS                                       ,NOT AT INTERSECTION                               ,"TWO-WAY, NOT DIVIDED                              ",REAR-END                                          ,COLLISION WITH PARKED MOTOR VEHICLE               ,ROADSIDE                                          ,25 ,N,0,0,0,0,2,0,0,0,0,0,0,,,,N,42.4036,-71.1169,6,250173504001003
23033793,2023-06-16 22:15:00,First Half (4PM - Midnight),"179 COLLEGE AV Somerville, MA",DARK - UNKNOWN ROADWAY LIGHTING                   ,CLEAR                                             ,WET                                               ,NONE                                              ,NO CONTROLS                                       ,NOT AT INTERSECTION                               ,"TWO-WAY, DIVIDED, UNPROTECTED MEDIAN              ",HEAD ON                                           ,COLLISION WITH PARKED MOTOR VEHICLE               ,ROADWAY                                           ,25 ,N,0,0,0,0,2,1,0,0,0,0,0,,,,Y,42.4034,-71.1169,6,250173504001003
24006158,2024-02-02 18:37:00,First Half (4PM - Midnight),"195 COLLEGE AV Somerville, MA",DARK - LIGHTED ROADWAY                            ,CLEAR                                             ,DRY                                               ,NONE                                              ,NO CONTROLS                                       ,T-INTERSECTION                                    ,"TWO-WAY, NOT DIVIDED                              ",ANGLE                                             ,COLLISION WITH PARKED MOTOR VEHICLE               ,ROADWAY                                           ,20 ,N,0,0,0,0,1,0,0,0,0,0,0,,,,N,42.404,-71.117,6,250173504001003
21057374,2021-10-31 15:19:00,Day Shift (8AM - 4PM),"185 COLLEGE AV Somerville, MA",DAYLIGHT                                          ,CLOUDY                                            ,UNKNOWN                                           ,UNKNOWN                                           ,NO CONTROLS                                       ,NOT AT INTERSECTION                               ,"TWO-WAY, NOT DIVIDED                              ","SIDESWIPE, SAME DIRECTION                         ",COLLISION WITH PARKED MOTOR VEHICLE               ,ROADWAY                                           ,20 ,N,0,0,0,0,4,0,0,0,0,0,0,,,,N,42.4036,-71.1169,6,250173504001003
22002214,2022-01-15 13:51:00,Day Shift (8AM - 4PM),"143 COLLEGE AV Somerville, MA",DAYLIGHT                                          ,CLEAR                                             ,DRY                                               ,NONE                                              ,YIELD SIGNS                                       ,TRAFFIC CIRCLE                                    ,"ONE-WAY, NOT DIVIDED                              ",SINGLE VEHICLE CRASH                              ,OTHER                                             ,ROADWAY                                           ,255,N,0,0,0,0,1,0,0,0,0,0,0,,,,N,42.4016,-71.1165,6,250173504001003
18066037,2018-11-06 22:25:00,First Half (4PM - Midnight),"215 COLLEGE AV Somerville, MA",DARK - LIGHTED ROADWAY                            ,CLEAR                                             ,WET                                               ,NONE                                              ,NO CONTROLS                                       ,NOT AT INTERSECTION                               ,"TWO-WAY, DIVIDED, UNPROTECTED MEDIAN              ","SIDESWIPE, SAME DIRECTION                         ",COLLISION WITH MOTOR VEHICLE IN TRAFFIC           ,ROADWAY                                           ,25 ,N,0,0,0,0,2,0,0,0,0,0,0,,,,N,42.4047,-71.1171,6,250173504001003
22054055,2022-09-22 16:55:00,First Half (4PM - Midnight),"217 COLLEGE AV Somerville, MA",DAYLIGHT                                          ,CLEAR                                             ,DRY                                               ,NONE                                              ,STOP SIGNS                                        ,T-INTERSECTION                                    ,"TWO-WAY, NOT DIVIDED                              ",ANGLE                                             ,COLLISION WITH MOTOR VEHICLE IN TRAFFIC           ,ROADWAY                                           ,25 ,N,0,0,0,0,3,0,0,0,0,0,0,,,,N,42.4048,-71.1171,6,250173504001003
21044969,2021-08-29 00:51:00,Last Half (Midnight - 8AM),"179 COLLEGE AV Somerville, MA",DARK - LIGHTED ROADWAY                            ,CLOUDY                                            ,WET                                               ,UNKNOWN                                           ,NO CONTROLS                                       ,NOT AT INTERSECTION                               ,"TWO-WAY, DIVIDED, UNPROTECTED MEDIAN              ",SINGLE VEHICLE CRASH                              ,COLLISION WITH PARKED MOTOR VEHICLE               ,ROADSIDE                                          ,25 ,N,0,0,0,1,1,0,0,0,0,0,0,,,,N,42.4034,-71.1169,6,250173504001003
20050391,2020-10-17 23:44:00,First Half (4PM - Midnight),"157 COLLEGE AV Somerville, MA",DARK - LIGHTED ROADWAY                            ,CLEAR                                             ,DRY                                               ,NONE                                              ,NO CONTROLS                                       ,NOT AT INTERSECTION                               ,"TWO-WAY, NOT DIVIDED                              ",ANGLE                                             ,COLLISION WITH PARKED MOTOR VEHICLE               ,ROADSIDE                                          ,25 ,N,0,0,0,0,2,0,0,0,0,0,0,,,,N,42.4023,-71.1167,6,250173504001003
19054681,2019-09-22 21:11:00,First Half (4PM - Midnight),"PEARSON RD & WARNER ST Somerville, MA",DARK - LIGHTED ROADWAY                            ,CLEAR                                             ,DRY                                               ,NONE                                              ,STOP SIGNS                                        ,T-INTERSECTION                                    ,"TWO-WAY, NOT DIVIDED                              ",ANGLE                                             ,COLLISION WITH MOTOR VEHICLE IN TRAFFIC           ,ROADWAY                                           ,25 ,N,0,0,0,0,2,0,0,0,0,0,0,,,,N,42.4021,-71.1151,6,250173504001005
19024845,2019-05-06 08:17:00,Day Shift (8AM - 4PM),"PEARSON RD & WARNER ST Somerville, MA",DAYLIGHT                                          ,CLOUDY                                            ,DRY                                               ,NONE                                              ,STOP SIGNS                                        ,FOUR WAY INTERSECTION                             ,"TWO-WAY, NOT DIVIDED                              ",ANGLE                                             ,COLLISION WITH MOTOR VEHICLE IN TRAFFIC           ,ROADWAY                                           ,25 ,N,0,0,0,0,3,0,0,0,0,0,0,,,,N,42.4021,-71.1151,6,250173504001005
19066013,2019-11-18 21:31:00,First Half (4PM - Midnight),"PEARSON RD & WARNER ST Somerville, MA",DARK - LIGHTED ROADWAY                            ,RAIN                                              ,WET                                               ,NONE                                              ,STOP SIGNS                                        ,T-INTERSECTION                                    ,"TWO-WAY, DIVIDED, UNPROTECTED MEDIAN              ",ANGLE                                             ,COLLISION WITH MOTOR VEHICLE IN TRAFFIC           ,ROADWAY                                           ,25 ,N,0,0,0,0,2,0,0,0,0,0,0,,,,N,42.4021,-71.1151,6,250173504001005
19002602,2019-01-15 14:23:00,Day Shift (8AM - 4PM),"787 BROADWAY Somerville, MA",DAYLIGHT                                          ,CLEAR                                             ,DRY                                               ,NONE                                              ,FLASHING TRAFIC CONTROL SIGNAL                    ,TRAFFIC CIRCLE                                    ,"TWO-WAY, NOT DIVIDED                              ",ANGLE                                             ,COLLISION WITH MOTOR VEHICLE IN TRAFFIC           ,ROADWAY                                           ,25 ,N,0,0,0,0,3,0,0,0,0,0,0,,,,N,42.4013,-71.116,6,250173504001006
21045253,2021-08-30 15:56:00,Day Shift (8AM - 4PM),"789 BROADWAY Somerville, MA",DAYLIGHT                                          ,CLEAR                                             ,DRY                                               ,NONE                                              ,FLASHING TRAFIC CONTROL SIGNAL                    ,TRAFFIC CIRCLE                                    ,"ONE-WAY, NOT DIVIDED                              ","SIDESWIPE, SAME DIRECTION                         ",COLLISION WITH MOTOR VEHICLE IN TRAFFIC           ,ROADWAY                                           ,25 ,N,0,0,1,0,1,0,0,1,0,1,0,IN ROADWAY                                        ,"WALKING, RUNNING OR CYCLING                       ",APPARENTLY NORMAL                                 ,N,42.4011,-71.1161,6,250173504001006
21053187,2021-10-09 09:02:00,Day Shift (8AM - 4PM),"787 BROADWAY Somerville, MA",DAYLIGHT                                          ,CLEAR                                             ,DRY                                               ,NONE                                              ,NO CONTROLS                                       ,NOT AT INTERSECTION                               ,"TWO-WAY, DIVIDED, UNPROTECTED MEDIAN              ",ANGLE                                             ,COLLISION WITH MOTOR VEHICLE IN TRAFFIC           ,ROADWAY                                           ,25 ,N,0,0,1,0,3,0,0,0,0,0,0,,,,N,42.4013,-71.116,6,250173504001006
25009044,2025-02-17 21:18:00,First Half (4PM - Midnight),"21 WARNER ST Somerville, MA",DARK - LIGHTED ROADWAY                            ,CLEAR                                             ,ICE                                               ,ROAD SURFACE CONDITION                            ,STOP SIGNS                                        ,NOT AT INTERSECTION                               ,"TWO-WAY, DIVIDED, UNPROTECTED MEDIAN              ",HEAD ON                                           ,COLLISION WITH MOTOR VEHICLE IN TRAFFIC           ,ROADWAY                                           ,25 ,N,0,0,0,1,1,0,0,0,0,0,0,,,,N,42.4017,-71.1154,6,250173504001006
25009803,2025-02-21 15:41:00,Day Shift (8AM - 4PM),"15 WARNER ST Somerville, MA",DAYLIGHT                                          ,CLEAR                                             ,ICE                                               ,NONE                                              ,NO CONTROLS                                       ,TRAFFIC CIRCLE                                    ,"TWO-WAY, DIVIDED, UNPROTECTED MEDIAN              ",REAR-END                                          ,COLLISION WITH MOTOR VEHICLE IN TRAFFIC           ,ROADWAY                                           ,15 ,N,0,0,1,0,1,0,0,0,0,0,0,,,,N,42.4015,-71.1156,6,250173504001006
24002273,2024-01-13 09:43:00,Day Shift (8AM - 4PM),"BROADWAY & WILLOW AV Somerville, MA",DAYLIGHT                                          ,RAIN                                              ,WET                                               ,UNKNOWN                                           ,TRAFFIC CONTROL SIGNAL                            ,FOUR WAY INTERSECTION                             ,"TWO-WAY, NOT DIVIDED                              ",HEAD ON                                           ,COLLISION WITH MOTOR VEHICLE IN TRAFFIC           ,ROADWAY                                           ,25 ,N,0,0,0,0,3,0,0,0,0,0,0,,,,N,42.4001,-71.1127,6,250173504001007
21055681,2021-10-22 19:00:00,First Half (4PM - Midnight),"U BROADWAY Somerville, MA",DARK - LIGHTED ROADWAY                            ,CLEAR                                             ,DRY                                               ,NONE                                              ,NO CONTROLS                                       ,NOT AT INTERSECTION                               ,"TWO-WAY, DIVIDED, UNPROTECTED MEDIAN              ",SINGLE VEHICLE CRASH                              ,COLLISION WITH PEDESTRIAN                         ,ROADWAY                                           ,25 ,N,0,0,0,1,1,0,0,1,1,0,0,MARKED CROSSWALK AT INTERSECTION                  ,"WALKING, RUNNING OR CYCLING                       ",APPARENTLY NORMAL                                 ,N,42.4003,-71.1134,6,250173504001007
23017433,2023-04-03 09:49:00,Day Shift (8AM - 4PM),"BROADWAY & RYAN RD Somerville, MA",DAYLIGHT                                          ,CLEAR                                             ,DRY                                               ,NONE                                              ,STOP SIGNS                                        ,T-INTERSECTION                                    ,"TWO-WAY, DIVIDED, POSITIVE MEDIAN BARRIER         ","SIDESWIPE, OPPOSITE DIRECTION                     ",COLLISION WITH PARKED MOTOR VEHICLE               ,ROADWAY                                           ,25 ,N,0,0,0,0,3,0,0,0,0,0,0,,,,N,42.4003,-71.1134,6,250173504001007
20039628,2020-08-15 14:50:00,Day Shift (8AM - 4PM),"739 BROADWAY Somerville, MA",DAYLIGHT                                          ,CLEAR                                             ,DRY                                               ,NONE                                              ,NO CONTROLS                                       ,NOT AT INTERSECTION                               ,"TWO-WAY, DIVIDED, UNPROTECTED MEDIAN              ","SIDESWIPE, SAME DIRECTION                         ",COLLISION WITH MOTOR VEHICLE IN TRAFFIC           ,ROADWAY                                           ,25 ,N,0,0,0,0,5,0,0,0,0,0,0,,,,N,42.4005,-71.1135,6,250173504001007
18053925,2018-09-09 10:11:00,Day Shift (8AM - 4PM),"BROADWAY & WILLOW AV Somerville, MA",DAYLIGHT                                          ,CLEAR                                             ,DRY                                               ,NONE                                              ,TRAFFIC CONTROL SIGNAL                            ,FOUR WAY INTERSECTION                             ,"TWO-WAY, NOT DIVIDED                              ",HEAD ON                                           ,COLLISION WITH MOTOR VEHICLE IN TRAFFIC           ,ROADWAY                                           ,30 ,N,0,0,0,0,3,0,0,0,0,0,0,,,,N,42.4001,-71.1127,6,250173504001007
21061894,2021-11-28 17:55:00,First Half (4PM - Midnight),"NA & BROADWAY Somerville, MA",DARK - LIGHTED ROADWAY                            ,CLEAR                                             ,DRY                                               ,NONE                                              ,TRAFFIC CONTROL SIGNAL                            ,FOUR WAY INTERSECTION                             ,"TWO-WAY, DIVIDED, POSITIVE MEDIAN BARRIER         ",ANGLE                                             ,COLLISION WITH MOTOR VEHICLE IN TRAFFIC           ,ROADWAY                                           ,25 ,N,0,0,0,1,1,0,0,0,0,0,0,,,,Y,42.4003,-71.1134,6,250173504001007
20012393,2020-03-03 18:38:00,First Half (4PM - Midnight),"BROADWAY & NA Somerville, MA",DARK - LIGHTED ROADWAY                            ,CLEAR                                             ,DRY                                               ,NONE                                              ,NO CONTROLS                                       ,NOT AT INTERSECTION                               ,"TWO-WAY, DIVIDED, POSITIVE MEDIAN BARRIER         ",REAR-END                                          ,COLLISION WITH MOTOR VEHICLE IN TRAFFIC           ,ROADWAY                                           ,25 ,N,0,0,0,0,1,1,0,0,0,0,0,,,,N,42.4003,-71.1134,6,250173504001007
18060093,2018-10-09 06:43:00,Last Half (Midnight - 8AM),"BROADWAY & NA Somerville, MA",DAYLIGHT                                          ,CLOUDY                                            ,DRY                                               ,NONE                                              ,TRAFFIC CONTROL SIGNAL                            ,FOUR WAY INTERSECTION                             ,"TWO-WAY, NOT DIVIDED                              ",ANGLE                                             ,COLLISION WITH MOTOR VEHICLE IN TRAFFIC           ,ROADWAY                                           ,30 ,N,0,0,0,1,0,0,0,0,0,0,0,,,,N,42.4003,-71.1134,6,250173504001007
21015192,2021-03-25 14:50:00,Day Shift (8AM - 4PM),"BROADWAY & WILLOW AV Somerville, MA",DAYLIGHT                                          ,CLOUDY                                            ,DRY                                               ,NONE                                              ,TRAFFIC CONTROL SIGNAL                            ,T-INTERSECTION                                    ,"ONE-WAY, NOT DIVIDED                              ",REAR-END                                          ,COLLISION WITH MOTOR VEHICLE IN TRAFFIC           ,ROADWAY                                           ,25 ,N,0,0,0,0,4,0,0,0,0,0,0,,,,N,42.4001,-71.1127,6,250173504001007
23011184,2023-03-02 20:02:00,First Half (4PM - Midnight),"BROADWAY & WILLOW AV Somerville, MA",DARK - LIGHTED ROADWAY                            ,CLEAR                                             ,DRY                                               ,NONE                                              ,TRAFFIC CONTROL SIGNAL                            ,FOUR WAY INTERSECTION                             ,"TWO-WAY, NOT DIVIDED                              ",ANGLE                                             ,COLLISION WITH MOTOR VEHICLE IN TRAFFIC           ,ROADWAY                                           ,20 ,N,0,0,0,0,3,0,0,0,0,0,0,,,,N,42.4001,-71.1127,6,250173504001007
22068051,2022-12-01 17:57:00,First Half (4PM - Midnight),"BROADWAY & WILLOW AV Somerville, MA",DARK - LIGHTED ROADWAY                            ,CLEAR                                             ,DRY                                               ,NONE                                              ,TRAFFIC CONTROL SIGNAL                            ,FOUR WAY INTERSECTION                             ,"TWO-WAY, NOT DIVIDED                              ","SIDESWIPE, OPPOSITE DIRECTION                     ",COLLISION WITH MOTOR VEHICLE IN TRAFFIC           ,ROADWAY                                           ,20 ,N,0,0,0,0,3,0,0,0,0,0,0,,,,N,42.4001,-71.1127,6,250173504001007
23053410,2023-09-17 09:32:00,Day Shift (8AM - 4PM),"BROADWAY & WILLOW AV Somerville, MA",DAYLIGHT                                          ,CLEAR                                             ,DRY                                               ,NONE                                              ,TRAFFIC CONTROL SIGNAL                            ,FOUR WAY INTERSECTION                             ,"TWO-WAY, DIVIDED, UNPROTECTED MEDIAN              ",ANGLE                                             ,COLLISION WITH MOTOR VEHICLE IN TRAFFIC           ,ROADWAY                                           ,25 ,N,0,0,0,0,2,0,0,0,0,0,0,,,,N,42.4001,-71.1127,6,250173504001007