Crash Number,Date and Time of Crash,Police Shift,Crash Location,Light Conditions,Weather Conditions,Road Surface,Road Contributing Circumstances,Traffic Control Device Type,Roadway Intersection Type,Trafficway Description,Manner of Collision,First Harmful Event,First Harmful Event Location,Speed Limit,Work Zone,Count Fatal Injury ,Count Suspected Serious Injury,Count Suspected Minor Injury ,Count Possible Injury,Count No Apparent Injury,Count Unknown Injury,Count Not Reported Injury,Total Non-Motorists,Pedestrian Involvement (Non-Motorist),Cyclist Involvement (Non-Motorist),Other Non-Motorist Involvement,Non-Motorist Location ,Non-Motorist Action,Non-Motorist Condition,Hit and Run Flag,Latitude,Longitude,Ward,Block Code 
24043956,2024-07-22 21:25:00,First Half (4PM - Midnight),"105 ALEWIFE BROOK PKWY Somerville, MA",DARK - LIGHTED ROADWAY                            ,CLEAR                                             ,DRY                                               ,NONE                                              ,NO CONTROLS                                       ,T-INTERSECTION                                    ,UNKNOWN                                           ,REAR TO REAR                                      ,COLLISION WITH MOTOR VEHICLE IN TRAFFIC           ,ROADWAY                                           ,10 ,N,0,1,0,0,5,0,0,0,0,0,0,,,,N,42.4067,-71.1323,7,250173507023005
22031429,2022-06-05 13:06:00,Day Shift (8AM - 4PM),"105 ALEWIFE BROOK PKWY Somerville, MA",DAYLIGHT                                          ,CLEAR                                             ,DRY                                               ,NONE                                              ,NO CONTROLS                                       ,NOT AT INTERSECTION                               ,UNKNOWN                                           ,HEAD ON                                           ,COLLISION WITH PARKED MOTOR VEHICLE               ,OUTSIDE ROADWAY                                   ,20 ,N,0,0,0,0,3,0,0,0,0,0,0,,,,N,42.4067,-71.1323,7,250173507023005
19007867,2019-02-12 15:50:00,Day Shift (8AM - 4PM),"26 NORTH ST Somerville, MA",DAYLIGHT                                          ,SNOW                                              ,SNOW                                              ,ROAD SURFACE CONDITION                            ,NO CONTROLS                                       ,DRIVEWAY                                          ,"TWO-WAY, NOT DIVIDED                              ","SIDESWIPE, SAME DIRECTION                         ",COLLISION WITH MOTOR VEHICLE IN TRAFFIC           ,ROADWAY                                           ,25 ,N,0,0,0,0,4,0,0,0,0,0,0,,,,N,42.407,-71.1306,7,250173507023005
23034632,2023-06-21 10:13:00,Day Shift (8AM - 4PM),"105 ALEWIFE BROOK PKWY Somerville, MA",DAYLIGHT                                          ,CLEAR                                             ,DRY                                               ,NONE                                              ,WARNING SIGNS                                     ,T-INTERSECTION                                    ,"TWO-WAY, NOT DIVIDED                              ",HEAD ON                                           ,COLLISION WITH MOTOR VEHICLE IN TRAFFIC           ,ROADWAY                                           ,25 ,N,0,0,1,0,1,0,0,1,0,0,1,IN ROADWAY                                        ,ENTERING OR CROSSING SPECIFIED LOCATION           ,UNKNOWN                                           ,N,42.4067,-71.1323,7,250173507023005
22072117,2022-12-23 17:03:00,First Half (4PM - Midnight),"105 ALEWIFE BROOK PKWY Somerville, MA",DUSK                                              ,CLOUDY                                            ,OTHER                                             ,NONE                                              ,NO CONTROLS                                       ,NOT AT INTERSECTION                               ,"TWO-WAY, NOT DIVIDED                              ",ANGLE                                             ,COLLISION WITH MOTOR VEHICLE IN TRAFFIC           ,OUTSIDE ROADWAY                                   ,25 ,N,0,0,0,0,3,0,0,0,0,0,0,,,,N,42.4067,-71.1323,7,250173507023005
20022040,2020-04-28 14:26:00,Day Shift (8AM - 4PM),"139 ALEWIFE BROOK PKWY Somerville, MA",DAYLIGHT                                          ,CLEAR                                             ,DRY                                               ,NONE                                              ,NO CONTROLS                                       ,NOT AT INTERSECTION                               ,"TWO-WAY, NOT DIVIDED                              ",REAR TO REAR                                      ,COLLISION WITH PARKED MOTOR VEHICLE               ,ROADWAY                                           ,5  ,N,0,0,0,0,1,0,0,0,0,0,0,,,,N,42.4078,-71.1319,7,250173507023005
24021385,2024-04-16 16:00:00,First Half (4PM - Midnight),"24 NORTH ST Somerville, MA",DAYLIGHT                                          ,CLEAR                                             ,DRY                                               ,NONE                                              ,NO CONTROLS                                       ,NOT AT INTERSECTION                               ,"TWO-WAY, NOT DIVIDED                              ","SIDESWIPE, SAME DIRECTION                         ",COLLISION WITH PARKED MOTOR VEHICLE               ,ROADSIDE                                          ,20 ,N,0,0,0,0,4,0,0,0,0,0,0,,,,N,42.4068,-71.1311,7,250173507023005
25020194,2025-04-14 06:30:00,Last Half (Midnight - 8AM),"278 POWDER HOUSE BLVD Somerville, MA",DAYLIGHT                                          ,CLEAR                                             ,WET                                               ,NONE                                              ,TRAFFIC CONTROL SIGNAL                            ,T-INTERSECTION                                    ,"TWO-WAY, NOT DIVIDED                              ","SIDESWIPE, OPPOSITE DIRECTION                     ",COLLISION WITH MOTOR VEHICLE IN TRAFFIC           ,ROADWAY                                           ,25 ,N,0,0,0,0,2,0,0,0,0,0,0,,,,N,42.4078,-71.1312,7,250173507023005
18072031,2018-12-06 23:54:00,First Half (4PM - Midnight),"1170 BROADWAY Somerville, MA",DARK - UNKNOWN ROADWAY LIGHTING                   ,CLEAR                                             ,DRY                                               ,NONE                                              ,NO CONTROLS                                       ,NOT AT INTERSECTION                               ,"ONE-WAY, NOT DIVIDED                              ","SIDESWIPE, OPPOSITE DIRECTION                     ",COLLISION WITH PARKED MOTOR VEHICLE               ,ROADWAY                                           ,25 ,N,0,0,0,0,4,0,0,0,0,0,0,,,,N,42.4034,-71.1281,7,250173508001000
21020659,2021-04-26 11:27:00,Day Shift (8AM - 4PM),"BROADWAY & CLARENDON AV Somerville, MA",DAYLIGHT                                          ,CLEAR                                             ,DRY                                               ,NONE                                              ,TRAFFIC CONTROL SIGNAL                            ,T-INTERSECTION                                    ,"TWO-WAY, NOT DIVIDED                              ",ANGLE                                             ,COLLISION WITH MOTOR VEHICLE IN TRAFFIC           ,ROADWAY                                           ,25 ,N,0,0,0,0,3,0,0,0,0,0,0,,,,N,42.4034,-71.1276,7,250173508001001
21012388,2021-03-10 13:13:00,Day Shift (8AM - 4PM),"CLARENDON AV & WESTON AV Somerville, MA",DAYLIGHT                                          ,CLEAR                                             ,DRY                                               ,NONE                                              ,NO CONTROLS                                       ,T-INTERSECTION                                    ,"ONE-WAY, NOT DIVIDED                              ",ANGLE                                             ,COLLISION WITH PARKED MOTOR VEHICLE               ,ROADWAY                                           ,20 ,N,0,0,0,0,3,0,0,0,0,0,0,,,,N,42.4027,-71.1285,7,250173508001001
20014213,2020-03-12 08:51:00,Day Shift (8AM - 4PM),"34 CLARENDON AV Somerville, MA",DAYLIGHT                                          ,CLOUDY                                            ,DRY                                               ,NONE                                              ,NO CONTROLS                                       ,NOT AT INTERSECTION                               ,"ONE-WAY, NOT DIVIDED                              ",ANGLE                                             ,COLLISION WITH MOTOR VEHICLE IN TRAFFIC           ,ROADWAY                                           ,25 ,N,0,0,0,0,3,0,0,0,0,0,0,,,,N,42.4024,-71.1286,7,250173508001001
20003950,2020-01-23 08:04:00,Day Shift (8AM - 4PM),"BROADWAY & HOLLAND ST Somerville, MA",DAYLIGHT                                          ,CLEAR                                             ,DRY                                               ,NONE                                              ,TRAFFIC CONTROL SIGNAL                            ,T-INTERSECTION                                    ,"TWO-WAY, NOT DIVIDED                              ",REAR-END                                          ,COLLISION WITH MOTOR VEHICLE IN TRAFFIC           ,ROADWAY                                           ,25 ,N,0,0,0,0,3,0,0,0,0,0,0,,,,N,42.4032,-71.1271,7,250173508001001
23041406,2023-07-23 09:23:00,Day Shift (8AM - 4PM),"BROADWAY & HOLLAND ST Somerville, MA",DAYLIGHT                                          ,CLEAR                                             ,DRY                                               ,NONE                                              ,TRAFFIC CONTROL SIGNAL                            ,Y-INTERSECTION                                    ,"TWO-WAY, DIVIDED, UNPROTECTED MEDIAN              ",HEAD ON                                           ,COLLISION WITH MOTOR VEHICLE IN TRAFFIC           ,ROADWAY                                           ,25 ,N,0,0,0,0,3,0,0,0,0,0,0,,,,N,42.4032,-71.1271,7,250173508001001
19065033,2019-11-13 20:27:00,First Half (4PM - Midnight),"HOLLAND STREET & BROADWAY Somerville, MA",DARK - LIGHTED ROADWAY                            ,CLEAR                                             ,DRY                                               ,NONE                                              ,TRAFFIC CONTROL SIGNAL                            ,Y-INTERSECTION                                    ,"TWO-WAY, DIVIDED, UNPROTECTED MEDIAN              ",SINGLE VEHICLE CRASH                              ,COLLISION WITH LIGHT POLE OR OTHER POST/SUPPORT   ,MEDIAN                                            ,25 ,N,0,0,0,0,2,0,0,0,0,0,0,,,,Y,42.4032,-71.1271,7,250173508001001
20058344,2020-12-02 08:34:00,Day Shift (8AM - 4PM),"248 HOLLAND ST Somerville, MA",DAYLIGHT                                          ,CLEAR                                             ,DRY                                               ,NONE                                              ,TRAFFIC CONTROL SIGNAL                            ,NOT AT INTERSECTION                               ,"TWO-WAY, NOT DIVIDED                              ",REAR-END                                          ,COLLISION WITH MOTOR VEHICLE IN TRAFFIC           ,ROADWAY                                           ,20 ,N,0,0,1,0,4,0,0,0,0,0,0,,,,N,42.4031,-71.1273,7,250173508001001
19025944,2019-05-11 15:50:00,Day Shift (8AM - 4PM),"BROADWAY & HOLLAND ST Somerville, MA",DAYLIGHT                                          ,CLEAR                                             ,DRY                                               ,NONE                                              ,TRAFFIC CONTROL SIGNAL                            ,FOUR WAY INTERSECTION                             ,"TWO-WAY, NOT DIVIDED                              ",HEAD ON                                           ,COLLISION WITH MOTOR VEHICLE IN TRAFFIC           ,ROADWAY                                           ,30 ,N,0,0,0,0,4,0,0,0,0,0,0,,,,N,42.4032,-71.1271,7,250173508001001
1800000062,2018-07-10 17:35:00,First Half (4PM - Midnight),"14 CLARENDON AVE Somerville, MA",DAYLIGHT                                          ,CLEAR                                             ,DRY                                               ,NONE                                              ,NO CONTROLS                                       ,NOT AT INTERSECTION                               ,"ONE-WAY, NOT DIVIDED                              ",HEAD ON                                           ,COLLISION WITH PEDESTRIAN                         ,ROADWAY                                           ,25 ,N,0,0,0,1,1,0,0,1,1,0,0,IN ROADWAY                                        ,"WALKING, RUNNING OR CYCLING                       ",APPARENTLY NORMAL                                 ,N,42.4029,-71.128,7,250173508001001
21023426,2021-05-11 08:42:00,Day Shift (8AM - 4PM),"248 HOLLAND ST Somerville, MA",DAYLIGHT                                          ,CLEAR                                             ,DRY                                               ,NONE                                              ,TRAFFIC CONTROL SIGNAL                            ,Y-INTERSECTION                                    ,"TWO-WAY, NOT DIVIDED                              ","SIDESWIPE, SAME DIRECTION                         ",COLLISION WITH MOTOR VEHICLE IN TRAFFIC           ,ROADWAY                                           ,25 ,N,0,0,0,0,4,0,0,0,0,0,0,,,,N,42.4031,-71.1273,7,250173508001001
20062244,2020-12-26 01:09:00,Last Half (Midnight - 8AM),"78 CLARENDON AV Somerville, MA",DARK - LIGHTED ROADWAY                            ,CLEAR                                             ,DRY                                               ,NONE                                              ,NO CONTROLS                                       ,NOT AT INTERSECTION                               ,"ONE-WAY, NOT DIVIDED                              ","SIDESWIPE, SAME DIRECTION                         ",COLLISION WITH PARKED MOTOR VEHICLE               ,ROADWAY                                           ,25 ,N,0,0,0,0,2,0,0,0,0,0,0,,,,N,42.4013,-71.13,7,250173508001001
1800000049,2018-07-02 18:20:00,First Half (4PM - Midnight),"BROADWAY & CURTIS ST Somerville, MA",DAYLIGHT                                          ,CLEAR                                             ,DRY                                               ,NONE                                              ,TRAFFIC CONTROL SIGNAL                            ,T-INTERSECTION                                    ,"TWO-WAY, NOT DIVIDED                              ",REAR-END                                          ,COLLISION WITH MOTOR VEHICLE IN TRAFFIC           ,ROADWAY                                           ,,N,0,0,0,0,0,0,0,0,0,0,0,,,,N,42.4033,-71.1273,7,250173508001001
21040585,2021-08-05 22:06:00,First Half (4PM - Midnight),"248 HOLLAND ST Somerville, MA",DARK - LIGHTED ROADWAY                            ,CLEAR                                             ,DRY                                               ,NONE                                              ,TRAFFIC CONTROL SIGNAL                            ,T-INTERSECTION                                    ,"TWO-WAY, NOT DIVIDED                              ",ANGLE                                             ,COLLISION WITH MOTOR VEHICLE IN TRAFFIC           ,ROADWAY                                           ,25 ,N,0,0,0,0,5,0,0,0,0,0,0,,,,N,42.4031,-71.1273,7,250173508001001
1800000050,2018-07-03 09:10:00,Day Shift (8AM - 4PM),"BROADWAY & CLARENDON AV Somerville, MA",DAYLIGHT                                          ,CLEAR                                             ,DRY                                               ,NONE                                              ,NO CONTROLS                                       ,T-INTERSECTION                                    ,"TWO-WAY, NOT DIVIDED                              ",ANGLE                                             ,COLLISION WITH MOTOR VEHICLE IN TRAFFIC           ,ROADWAY                                           ,,N,0,0,0,0,0,0,0,0,0,0,0,,,,N,42.4034,-71.1276,7,250173508001001
22066980,2022-11-24 14:23:00,Day Shift (8AM - 4PM),"BROADWAY & CLARENDON AV Somerville, MA",DAYLIGHT                                          ,CLEAR                                             ,DRY                                               ,NONE                                              ,NO CONTROLS                                       ,T-INTERSECTION                                    ,"TWO-WAY, NOT DIVIDED                              ",ANGLE                                             ,COLLISION WITH MOTOR VEHICLE IN TRAFFIC           ,ROADWAY                                           ,25 ,N,0,0,0,0,4,0,0,0,0,0,0,,,,N,42.4034,-71.1276,7,250173508001001
23040779,2023-07-20 16:24:00,First Half (4PM - Midnight),"238 HOLLAND ST Somerville, MA",DAYLIGHT                                          ,CLEAR                                             ,DRY                                               ,NONE                                              ,NO CONTROLS                                       ,T-INTERSECTION                                    ,"TWO-WAY, NOT DIVIDED                              ","SIDESWIPE, SAME DIRECTION                         ",COLLISION WITH PARKED MOTOR VEHICLE               ,ROADWAY                                           ,25 ,N,0,0,0,0,3,0,0,0,0,0,0,,,,N,42.4027,-71.1272,7,250173508001002
21006344,2021-02-03 13:27:00,Day Shift (8AM - 4PM),"236 HOLLAND ST Somerville, MA",DAYLIGHT                                          ,CLEAR                                             ,DRY                                               ,NONE                                              ,TRAFFIC CONTROL SIGNAL                            ,NOT AT INTERSECTION                               ,"TWO-WAY, NOT DIVIDED                              ","SIDESWIPE, SAME DIRECTION                         ",COLLISION WITH MOTOR VEHICLE IN TRAFFIC           ,ROADWAY                                           ,25 ,N,0,0,0,0,3,0,0,0,0,0,0,,,,N,42.4026,-71.1271,7,250173508001002
18034122,2018-06-08 11:43:00,Day Shift (8AM - 4PM),"236 HOLLAND ST Somerville, MA",DAYLIGHT                                          ,CLEAR                                             ,DRY                                               ,NONE                                              ,NO CONTROLS                                       ,NOT AT INTERSECTION                               ,"TWO-WAY, NOT DIVIDED                              ","SIDESWIPE, SAME DIRECTION                         ",COLLISION WITH PARKED MOTOR VEHICLE               ,ROADWAY                                           ,25 ,N,0,0,0,1,1,0,0,0,0,0,0,,,,N,42.4026,-71.1271,7,250173508001002
18028306,2018-05-13 14:31:00,Day Shift (8AM - 4PM),"212 HOLLAND ST Somerville, MA",DAYLIGHT                                          ,CLEAR                                             ,DRY                                               ,NONE                                              ,NO CONTROLS                                       ,UNKNOWN                                           ,UNKNOWN                                           ,SINGLE VEHICLE CRASH                              ,COLLISION WITH GUARDRAIL                          ,UNKNOWN                                           ,N/A,N,0,0,0,0,3,0,0,1,0,0,1,UNKNOWN                                           ,OTHER                                             ,UNKNOWN                                           ,N,42.4022,-71.1269,7,250173508001003
23048191,2023-08-24 11:56:00,Day Shift (8AM - 4PM),"HOLLAND ST & MOORE ST Somerville, MA",DAYLIGHT                                          ,CLOUDY                                            ,DRY                                               ,NONE                                              ,NO CONTROLS                                       ,T-INTERSECTION                                    ,"TWO-WAY, NOT DIVIDED                              ","SIDESWIPE, OPPOSITE DIRECTION                     ",COLLISION WITH PEDALCYCLE                         ,ROADWAY                                           ,20 ,N,0,0,0,1,3,0,0,1,0,1,0,IN ROADWAY                                        ,ENTERING OR CROSSING SPECIFIED LOCATION           ,OTHER                                             ,N,42.4024,-71.1268,7,250173508001003
24055607,2024-09-10 09:11:00,Day Shift (8AM - 4PM),"CAMERON AV & HOLLAND ST Somerville, MA",DAYLIGHT                                          ,CLEAR                                             ,DRY                                               ,NONE                                              ,STOP SIGNS                                        ,T-INTERSECTION                                    ,"TWO-WAY, DIVIDED, POSITIVE MEDIAN BARRIER         ",ANGLE                                             ,COLLISION WITH MOTOR VEHICLE IN TRAFFIC           ,ROADWAY                                           ,25 ,N,0,0,1,0,1,0,0,1,0,1,0,ON-STREET BIKE LANES                              ,ENTERING OR CROSSING SPECIFIED LOCATION           ,UNKNOWN                                           ,N,42.401,-71.1261,7,250173508002000
19001387,2019-01-08 17:24:00,First Half (4PM - Midnight),"CAMERON AV & HOLLAND ST Somerville, MA",DARK - LIGHTED ROADWAY                            ,RAIN                                              ,WET                                               ,NONE                                              ,NO CONTROLS                                       ,T-INTERSECTION                                    ,"TWO-WAY, DIVIDED, UNPROTECTED MEDIAN              ",SINGLE VEHICLE CRASH                              ,COLLISION WITH PEDESTRIAN                         ,ROADWAY                                           ,30 ,N,0,0,0,1,1,0,0,1,1,0,0,MARKED CROSSWALK AT INTERSECTION                  ,"WALKING, RUNNING OR CYCLING                       ",APPARENTLY NORMAL                                 ,N,42.401,-71.1261,7,250173508002000
24048589,2024-08-11 15:22:00,Day Shift (8AM - 4PM),"CAMERON AV & HOLLAND ST Somerville, MA",DAYLIGHT                                          ,CLEAR                                             ,DRY                                               ,NONE                                              ,STOP SIGNS                                        ,T-INTERSECTION                                    ,"TWO-WAY, NOT DIVIDED                              ",ANGLE                                             ,COLLISION WITH MOTOR VEHICLE IN TRAFFIC           ,ROADWAY                                           ,25 ,N,0,0,0,0,3,0,0,0,0,0,0,,,,N,42.401,-71.1261,7,250173508002000
20046986,2020-09-30 08:43:00,Day Shift (8AM - 4PM),"CAMERON AV & GLENDALE AV Somerville, MA",DAYLIGHT                                          ,CLEAR                                             ,WET                                               ,OTHER                                             ,STOP SIGNS                                        ,T-INTERSECTION                                    ,"ONE-WAY, NOT DIVIDED                              ",ANGLE                                             ,COLLISION WITH MOTOR VEHICLE IN TRAFFIC           ,ROADWAY                                           ,20 ,N,0,0,0,0,3,0,0,0,0,0,0,,,,N,42.3992,-71.1282,7,250173508002000
24016023,2024-03-22 07:18:00,Last Half (Midnight - 8AM),"CAMERON AV & GLENDALE AV Somerville, MA",DAYLIGHT                                          ,CLOUDY                                            ,DRY                                               ,NONE                                              ,NO CONTROLS                                       ,T-INTERSECTION                                    ,"TWO-WAY, NOT DIVIDED                              ",ANGLE                                             ,COLLISION WITH MOTOR VEHICLE IN TRAFFIC           ,ROADWAY                                           ,25 ,N,0,0,0,0,2,0,0,0,0,0,0,,,,N,42.3992,-71.1282,7,250173508002000
19005991,2019-02-02 11:04:00,Day Shift (8AM - 4PM),"CAMERON AV & GLENDALE AV Somerville, MA",DAYLIGHT                                          ,CLEAR                                             ,DRY                                               ,NONE                                              ,STOP SIGNS                                        ,T-INTERSECTION                                    ,"TWO-WAY, NOT DIVIDED                              ",ANGLE                                             ,COLLISION WITH MOTOR VEHICLE IN TRAFFIC           ,ROADWAY                                           ,30 ,N,0,0,0,0,3,0,0,0,0,0,0,,,,N,42.3992,-71.1282,7,250173508002000
19007861,2019-02-12 15:11:00,Day Shift (8AM - 4PM),"GLENDALE AVE & CAMERON AVE Somerville, MA",DAYLIGHT                                          ,CLOUDY                                            ,SNOW                                              ,ROAD SURFACE CONDITION                            ,STOP SIGNS                                        ,T-INTERSECTION                                    ,"TWO-WAY, NOT DIVIDED                              ",ANGLE                                             ,COLLISION WITH MOTOR VEHICLE IN TRAFFIC           ,ROADWAY                                           ,30 ,N,0,0,0,2,5,0,0,0,0,0,0,,,,N,42.3992,-71.1282,7,250173508002000
24055942,2024-09-11 16:39:00,First Half (4PM - Midnight),"166 HOLLAND ST Somerville, MA",DAYLIGHT                                          ,CLEAR                                             ,DRY                                               ,NONE                                              ,NO CONTROLS                                       ,NOT AT INTERSECTION                               ,"TWO-WAY, DIVIDED, UNPROTECTED MEDIAN              ",SINGLE VEHICLE CRASH                              ,COLLISION WITH PEDESTRIAN                         ,ROADWAY                                           ,20 ,N,0,0,0,0,1,0,0,0,0,0,0,,,,N,42.4007,-71.126,7,250173508002000
21011759,2021-03-07 09:50:00,Day Shift (8AM - 4PM),"CAMERON AV & TANNERY BROOK ROW Somerville, MA",DAYLIGHT                                          ,CLEAR                                             ,DRY                                               ,NONE                                              ,STOP SIGNS                                        ,T-INTERSECTION                                    ,"TWO-WAY, NOT DIVIDED                              ",ANGLE                                             ,COLLISION WITH MOTOR VEHICLE IN TRAFFIC           ,ROADWAY                                           ,25 ,N,0,0,0,0,3,0,0,0,0,0,0,,,,N,42.3988,-71.1286,7,250173508002000
21061214,2021-11-23 12:43:00,Day Shift (8AM - 4PM),"140 HOLLAND ST Somerville, MA",DAYLIGHT                                          ,CLEAR                                             ,DRY                                               ,NONE                                              ,NO CONTROLS                                       ,NOT AT INTERSECTION                               ,"TWO-WAY, NOT DIVIDED                              ",ANGLE                                             ,COLLISION WITH MOTOR VEHICLE IN TRAFFIC           ,ROADWAY                                           ,25 ,N,0,0,1,0,1,0,0,0,0,0,0,,,,N,42.3999,-71.1256,7,250173508002001
21055255,2021-10-20 13:24:00,Day Shift (8AM - 4PM),"9 GORHAM ST Somerville, MA",DAYLIGHT                                          ,CLEAR                                             ,DRY                                               ,NONE                                              ,NO CONTROLS                                       ,NOT AT INTERSECTION                               ,"ONE-WAY, NOT DIVIDED                              ",ANGLE                                             ,COLLISION WITH PARKED MOTOR VEHICLE               ,ROADSIDE                                          ,30 ,N,0,0,0,0,3,0,0,0,0,0,0,,,,Y,42.3996,-71.1258,7,250173508002001
22037332,2022-07-05 09:45:00,Day Shift (8AM - 4PM),"118 HOLLAND ST Somerville, MA",DAYLIGHT                                          ,CLOUDY                                            ,DRY                                               ,NONE                                              ,NO CONTROLS                                       ,NOT AT INTERSECTION                               ,"TWO-WAY, NOT DIVIDED                              ",SINGLE VEHICLE CRASH                              ,COLLISION WITH LIGHT POLE OR OTHER POST/SUPPORT   ,ROADWAY                                           ,25 ,Y,0,0,0,0,2,0,0,0,0,0,0,,,,N,42.3993,-71.125,7,250173508002002
19019989,2019-04-12 09:28:00,Day Shift (8AM - 4PM),"12 JAY ST Somerville, MA",DARK - LIGHTED ROADWAY                            ,CLEAR                                             ,DRY                                               ,UNKNOWN                                           ,NO CONTROLS                                       ,NOT AT INTERSECTION                               ,"ONE-WAY, NOT DIVIDED                              ","SIDESWIPE, OPPOSITE DIRECTION                     ",COLLISION WITH PARKED MOTOR VEHICLE               ,ROADSIDE                                          ,30 ,N,0,0,0,0,6,2,0,0,0,0,0,,,,Y,42.3987,-71.1249,7,250173508002003
20027590,2020-05-30 13:42:00,Day Shift (8AM - 4PM),"HOLLAND ST & SIMPSON AV Somerville, MA",DAYLIGHT                                          ,CLEAR                                             ,DRY                                               ,NONE                                              ,STOP SIGNS                                        ,T-INTERSECTION                                    ,"TWO-WAY, NOT DIVIDED                              ",ANGLE                                             ,COLLISION WITH MOTOR VEHICLE IN TRAFFIC           ,ROADWAY                                           ,25 ,N,0,0,0,0,3,0,0,0,0,0,0,,,,N,42.399,-71.1246,7,250173508002003
20037094,2020-07-30 19:44:00,First Half (4PM - Midnight),"HOLLAND ST & SIMPSON AV Somerville, MA",DUSK                                              ,CLEAR                                             ,DRY                                               ,OBSTRUCTION IN ROADWAY                            ,STOP SIGNS                                        ,T-INTERSECTION                                    ,"TWO-WAY, NOT DIVIDED                              ",ANGLE                                             ,COLLISION WITH MOTOR VEHICLE IN TRAFFIC           ,ROADWAY                                           ,20 ,N,0,0,1,0,2,0,0,0,0,0,0,,,,N,42.399,-71.1246,7,250173508002003
24012244,2024-03-04 10:18:00,Day Shift (8AM - 4PM),"1 BUENA VISTA RD Somerville, MA",DAYLIGHT                                          ,CLEAR                                             ,DRY                                               ,NONE                                              ,NO CONTROLS                                       ,NOT AT INTERSECTION                               ,"TWO-WAY, NOT DIVIDED                              ",SINGLE VEHICLE CRASH                              ,COLLISION WITH LIGHT POLE OR OTHER POST/SUPPORT   ,ROADWAY                                           ,20 ,N,0,0,0,0,1,0,0,0,0,0,0,,,,N,42.3982,-71.124,6,250173508002004
21066245,2021-12-27 11:27:00,Day Shift (8AM - 4PM),"10 THORNDIKE ST Somerville, MA",DAYLIGHT                                          ,CLOUDY                                            ,DRY                                               ,NONE                                              ,NO CONTROLS                                       ,NOT AT INTERSECTION                               ,"TWO-WAY, NOT DIVIDED                              ",REAR-END                                          ,COLLISION WITH MOTOR VEHICLE IN TRAFFIC           ,ROADWAY                                           ,25 ,N,0,0,0,0,2,0,0,0,0,0,0,,,,N,42.3982,-71.1244,6,250173508002004
18050295,2018-08-23 13:27:00,Day Shift (8AM - 4PM),"26 THORNDIKE ST Somerville, MA",DAYLIGHT                                          ,CLEAR                                             ,DRY                                               ,OBSTRUCTION IN ROADWAY                            ,NO CONTROLS                                       ,NOT AT INTERSECTION                               ,"TWO-WAY, NOT DIVIDED                              ",SINGLE VEHICLE CRASH                              ,COLLISION WITH OTHER MOVABLE OBJECT               ,ROADWAY                                           ,,Y,0,0,0,0,1,0,0,0,0,0,0,,,,N,42.3977,-71.1249,6,250173508002004
23050086,2023-09-01 19:46:00,First Half (4PM - Midnight),"1 BUENA VISTA RD Somerville, MA",DARK - LIGHTED ROADWAY                            ,CLEAR                                             ,DRY                                               ,NONE                                              ,NO CONTROLS                                       ,NOT AT INTERSECTION                               ,"TWO-WAY, NOT DIVIDED                              ",REAR-END                                          ,COLLISION WITH MOTOR VEHICLE IN TRAFFIC           ,ROADWAY                                           ,25 ,N,0,0,0,0,2,0,0,0,0,0,0,,,,N,42.3982,-71.124,6,250173508002004
18034111,2018-06-08 10:36:00,Day Shift (8AM - 4PM),"40 HOLLAND ST Somerville, MA",OTHER                                             ,CLEAR                                             ,DRY                                               ,NONE                                              ,NO CONTROLS                                       ,NOT AT INTERSECTION                               ,UNKNOWN                                           ,UNKNOWN                                           ,COLLISION WITH PARKED MOTOR VEHICLE               ,ROADWAY                                           ,5  ,N,0,0,0,0,2,0,0,0,0,0,0,,,,N,42.3974,-71.1237,6,250173508002005
24029254,2024-05-20 15:00:00,Day Shift (8AM - 4PM),"40 HOLLAND ST Somerville, MA",DAYLIGHT                                          ,CLEAR                                             ,DRY                                               ,NONE                                              ,NO CONTROLS                                       ,T-INTERSECTION                                    ,"TWO-WAY, NOT DIVIDED                              ",ANGLE                                             ,COLLISION WITH PEDALCYCLE                         ,ROADWAY                                           ,20 ,N,0,0,1,0,1,0,0,1,0,1,0,ON-STREET BIKE LANES                              ,"WALKING, RUNNING OR CYCLING                       ",APPARENTLY NORMAL                                 ,N,42.3974,-71.1237,6,250173508002005
21042233,2021-08-14 10:12:00,Day Shift (8AM - 4PM),"0 BUENA VISTA RD Somerville, MA",DAYLIGHT                                          ,CLEAR                                             ,DRY                                               ,NONE                                              ,NO CONTROLS                                       ,NOT AT INTERSECTION                               ,"TWO-WAY, NOT DIVIDED                              ",SINGLE VEHICLE CRASH                              ,COLLISION WITH PEDALCYCLE                         ,UNKNOWN                                           ,20 ,N,0,0,0,1,3,0,0,1,0,1,0,NON-INTERSECTION CROSSWALK                        ,"WALKING, RUNNING OR CYCLING                       ",APPARENTLY NORMAL                                 ,N,42.3977,-71.1246,6,250173508002005