Crash Number,Date and Time of Crash,Police Shift,Crash Location,Light Conditions,Weather Conditions,Road Surface,Road Contributing Circumstances,Traffic Control Device Type,Roadway Intersection Type,Trafficway Description,Manner of Collision,First Harmful Event,First Harmful Event Location,Speed Limit,Work Zone,Count Fatal Injury ,Count Suspected Serious Injury,Count Suspected Minor Injury ,Count Possible Injury,Count No Apparent Injury,Count Unknown Injury,Count Not Reported Injury,Total Non-Motorists,Pedestrian Involvement (Non-Motorist),Cyclist Involvement (Non-Motorist),Other Non-Motorist Involvement,Non-Motorist Location ,Non-Motorist Action,Non-Motorist Condition,Hit and Run Flag,Latitude,Longitude,Ward,Block Code 
23049931,2023-09-01 08:39:00,Day Shift (8AM - 4PM),"20 HOLLAND ST Somerville, MA",DAYLIGHT                                          ,CLEAR                                             ,DRY                                               ,NONE                                              ,NO CONTROLS                                       ,NOT AT INTERSECTION                               ,"TWO-WAY, NOT DIVIDED                              ",SINGLE VEHICLE CRASH                              ,COLLISION WITH TREE                               ,ROADSIDE                                          ,25 ,N,0,0,0,0,2,0,0,0,0,0,0,,,,N,42.3972,-71.1233,6,250173508002005
23003242,2023-01-19 18:56:00,First Half (4PM - Midnight),"40 HOLLAND ST Somerville, MA",DARK - LIGHTED ROADWAY                            ,RAIN                                              ,WET                                               ,NONE                                              ,NO CONTROLS                                       ,NOT AT INTERSECTION                               ,"TWO-WAY, DIVIDED, UNPROTECTED MEDIAN              ",SINGLE VEHICLE CRASH                              ,COLLISION WITH PEDESTRIAN                         ,ROADWAY                                           ,20 ,N,0,0,1,0,2,0,0,1,0,0,1,IN ROADWAY                                        ,"WALKING, RUNNING OR CYCLING                       ",APPARENTLY NORMAL                                 ,N,42.3974,-71.1237,6,250173508002005
22005546,2022-02-04 06:36:00,Last Half (Midnight - 8AM),"20 HOLLAND ST Somerville, MA",DAYLIGHT                                          ,RAIN                                              ,DRY                                               ,NONE                                              ,WARNING SIGNS                                     ,NOT AT INTERSECTION                               ,"TWO-WAY, NOT DIVIDED                              ",UNKNOWN                                           ,COLLISION WITH PEDESTRIAN                         ,UNKNOWN                                           ,5  ,N,0,0,1,0,1,0,0,1,1,0,0,NOT IN ROADWAY                                    ,"WALKING, RUNNING OR CYCLING                       ",UNKNOWN                                           ,N,42.3972,-71.1233,6,250173508002005
20014825,2020-03-15 20:55:00,First Half (4PM - Midnight),"CAMERON AVE & SEVEN PINES AVE Somerville, MA",DARK - LIGHTED ROADWAY                            ,CLEAR                                             ,DRY                                               ,NONE                                              ,STOP SIGNS                                        ,T-INTERSECTION                                    ,"TWO-WAY, NOT DIVIDED                              ",SINGLE VEHICLE CRASH                              ,COLLISION WITH MOTOR VEHICLE IN TRAFFIC           ,ROADWAY                                           ,25 ,N,0,0,0,1,2,0,0,0,0,0,0,,,,N,42.3988,-71.1287,7,250173508002006
22001255,2022-01-09 16:20:00,First Half (4PM - Midnight),"CAMERON AV & SEVEN PINES AV Somerville, MA",DARK - LIGHTED ROADWAY                            ,RAIN                                              ,WET                                               ,UNKNOWN                                           ,STOP SIGNS                                        ,T-INTERSECTION                                    ,"TWO-WAY, NOT DIVIDED                              ",SINGLE VEHICLE CRASH                              ,COLLISION WITH MOTOR VEHICLE IN TRAFFIC           ,ROADWAY                                           ,30 ,N,0,0,0,0,5,0,0,0,0,0,0,,,,N,42.3988,-71.1287,7,250173508002006
22034290,2022-06-18 13:14:00,Day Shift (8AM - 4PM),"CAMERON AV & SEVEN PINES AV Somerville, MA",DAYLIGHT                                          ,CLEAR                                             ,DRY                                               ,NONE                                              ,STOP SIGNS                                        ,FOUR WAY INTERSECTION                             ,"TWO-WAY, NOT DIVIDED                              ",ANGLE                                             ,COLLISION WITH MOTOR VEHICLE IN TRAFFIC           ,ROADWAY                                           ,25 ,N,0,0,0,0,3,0,0,0,0,0,0,,,,N,42.3988,-71.1287,7,250173508002006
21062573,2021-12-02 18:00:00,First Half (4PM - Midnight),"CAMERON AV & SEVEN PINES AV Somerville, MA",DARK - LIGHTED ROADWAY                            ,CLEAR                                             ,DRY                                               ,NONE                                              ,STOP SIGNS                                        ,T-INTERSECTION                                    ,"TWO-WAY, DIVIDED, UNPROTECTED MEDIAN              ",ANGLE                                             ,COLLISION WITH MOTOR VEHICLE IN TRAFFIC           ,UNKNOWN                                           ,25 ,N,0,0,0,0,4,0,0,0,0,0,0,,,,N,42.3988,-71.1287,7,250173508002006
19063012,2019-11-03 07:26:00,Last Half (Midnight - 8AM),"115 WILLOW AVE Somerville, MA",DAYLIGHT                                          ,CLEAR                                             ,DRY                                               ,NONE                                              ,NO CONTROLS                                       ,NOT AT INTERSECTION                               ,"TWO-WAY, NOT DIVIDED                              ",SINGLE VEHICLE CRASH                              ,COLLISION WITH PEDESTRIAN                         ,ROADWAY                                           ,25 ,N,0,0,1,1,1,0,0,2,2,0,0,MARKED CROSSWALK AT INTERSECTION                  ,ENTERING OR CROSSING SPECIFIED LOCATION           ,APPARENTLY NORMAL                                 ,N,42.395,-71.1159,6,250173509001000
24005081,2024-01-28 16:39:00,First Half (4PM - Midnight),"CUTTER AV & HIGHLAND AV Somerville, MA",DARK - LIGHTED ROADWAY                            ,RAIN                                              ,WET                                               ,NONE                                              ,NO CONTROLS                                       ,Y-INTERSECTION                                    ,"ONE-WAY, NOT DIVIDED                              ","SIDESWIPE, SAME DIRECTION                         ",COLLISION WITH MOTOR VEHICLE IN TRAFFIC           ,ROADWAY                                           ,25 ,N,0,0,0,0,2,0,0,0,0,0,0,,,,N,42.3953,-71.1194,6,250173509001001
21061053,2021-11-22 10:24:00,Day Shift (8AM - 4PM),"373 HIGHLAND AV Somerville, MA",DAYLIGHT                                          ,CLEAR                                             ,DRY                                               ,NONE                                              ,NO CONTROLS                                       ,NOT AT INTERSECTION                               ,"TWO-WAY, NOT DIVIDED                              ",SINGLE VEHICLE CRASH                              ,COLLISION WITH PEDESTRIAN                         ,ROADWAY                                           ,20 ,N,0,0,1,0,2,0,0,1,1,0,0,IN ROADWAY                                        ,ENTERING OR CROSSING SPECIFIED LOCATION           ,APPARENTLY NORMAL                                 ,N,42.3955,-71.1186,6,250173509001001
22064728,2022-11-11 11:12:00,Day Shift (8AM - 4PM),"CUTTER AV & HIGHLAND AV Somerville, MA",DAYLIGHT                                          ,CLOUDY                                            ,DRY                                               ,NONE                                              ,TRAFFIC CONTROL SIGNAL                            ,T-INTERSECTION                                    ,"TWO-WAY, NOT DIVIDED                              ",ANGLE                                             ,COLLISION WITH MOTOR VEHICLE IN TRAFFIC           ,ROADWAY                                           ,25 ,N,0,0,0,0,3,0,0,0,0,0,0,,,,N,42.3953,-71.1194,6,250173509001001
25022949,2025-04-26 20:38:00,First Half (4PM - Midnight),"389 HIGHLAND AV Somerville, MA",DARK - LIGHTED ROADWAY                            ,RAIN                                              ,WET                                               ,NONE                                              ,TRAFFIC CONTROL SIGNAL                            ,Y-INTERSECTION                                    ,"ONE-WAY, NOT DIVIDED                              ","SIDESWIPE, SAME DIRECTION                         ",COLLISION WITH MOTOR VEHICLE IN TRAFFIC           ,ROADWAY                                           ,20 ,N,0,0,0,0,2,0,0,0,0,0,0,,,,N,42.3955,-71.1197,6,250173509001001
24023502,2024-04-25 18:49:00,First Half (4PM - Midnight),"389 HIGHLAND AV Somerville, MA",DARK - LIGHTED ROADWAY                            ,CLEAR                                             ,DRY                                               ,NONE                                              ,TRAFFIC CONTROL SIGNAL                            ,T-INTERSECTION                                    ,"TWO-WAY, NOT DIVIDED                              ","SIDESWIPE, SAME DIRECTION                         ",COLLISION WITH MOTOR VEHICLE IN TRAFFIC           ,ROADWAY                                           ,20 ,N,0,0,0,0,2,0,0,0,0,0,0,,,,N,42.3955,-71.1197,6,250173509001001
23047389,2023-08-20 21:51:00,First Half (4PM - Midnight),"HIGHLAND AV & WEST ST Somerville, MA",DARK - LIGHTED ROADWAY                            ,CLEAR                                             ,DRY                                               ,OTHER                                             ,STOP SIGNS                                        ,T-INTERSECTION                                    ,"TWO-WAY, NOT DIVIDED                              ",ANGLE                                             ,COLLISION WITH MOTOR VEHICLE IN TRAFFIC           ,ROADWAY                                           ,25 ,N,0,0,1,0,2,0,0,0,0,0,0,,,,N,42.3949,-71.1186,6,250173509001001
20034559,2020-07-13 10:55:00,Day Shift (8AM - 4PM),"ELLINGTON RD & HIGHLAND AV Somerville, MA",DAYLIGHT                                          ,CLEAR                                             ,DRY                                               ,NONE                                              ,TRAFFIC CONTROL SIGNAL                            ,T-INTERSECTION                                    ,"ONE-WAY, NOT DIVIDED                              ","SIDESWIPE, SAME DIRECTION                         ",COLLISION WITH MOTOR VEHICLE IN TRAFFIC           ,ROADWAY                                           ,25 ,N,0,0,0,0,2,0,0,0,0,0,0,,,,N,42.3953,-71.1194,6,250173509001001
18032354,2018-06-04 00:27:00,Last Half (Midnight - 8AM),"HIGHLAND AVENUE & CUTTER AVENUE Somerville, MA",DAYLIGHT                                          ,CLEAR                                             ,DRY                                               ,NONE                                              ,NO CONTROLS                                       ,T-INTERSECTION                                    ,"ONE-WAY, NOT DIVIDED                              ","SIDESWIPE, SAME DIRECTION                         ",COLLISION WITH MOTOR VEHICLE IN TRAFFIC           ,ROADWAY                                           ,25 ,N,0,0,0,0,4,0,0,0,0,0,0,,,,N,42.3953,-71.1194,6,250173509001001
18059568,2018-10-06 08:29:00,Day Shift (8AM - 4PM),"389 HIGHLAND AV Somerville, MA",DAYLIGHT                                          ,CLEAR                                             ,DRY                                               ,NONE                                              ,TRAFFIC CONTROL SIGNAL                            ,T-INTERSECTION                                    ,"ONE-WAY, NOT DIVIDED                              ","SIDESWIPE, SAME DIRECTION                         ",COLLISION WITH MOTOR VEHICLE IN TRAFFIC           ,ROADWAY                                           ,25 ,N,0,0,0,0,2,0,0,0,0,0,0,,,,N,42.3955,-71.1197,6,250173509001001
20009554,2020-02-20 07:45:00,Last Half (Midnight - 8AM),"HIGHLAND AV & WILLOW AV Somerville, MA",DAYLIGHT                                          ,CLEAR                                             ,DRY                                               ,NONE                                              ,TRAFFIC CONTROL SIGNAL                            ,FOUR WAY INTERSECTION                             ,"TWO-WAY, NOT DIVIDED                              ",ANGLE                                             ,COLLISION WITH PEDALCYCLE                         ,ROADWAY                                           ,25 ,N,0,0,0,1,1,0,0,1,0,1,0,IN ROADWAY                                        ,ENTERING OR CROSSING SPECIFIED LOCATION           ,APPARENTLY NORMAL                                 ,N,42.3941,-71.1168,6,250173509001002
20039520,2020-08-14 20:22:00,First Half (4PM - Midnight),"HIGHLAND AV & WILLOW AV Somerville, MA",DARK - ROADWAY NOT LIGHTED                        ,CLEAR                                             ,DRY                                               ,UNKNOWN                                           ,TRAFFIC CONTROL SIGNAL                            ,FOUR WAY INTERSECTION                             ,"TWO-WAY, NOT DIVIDED                              ",SINGLE VEHICLE CRASH                              ,COLLISION WITH PEDALCYCLE                         ,UNKNOWN                                           ,25 ,N,0,0,1,0,3,0,0,1,0,1,0,IN ROADWAY                                        ,OTHER                                             ,APPARENTLY NORMAL                                 ,N,42.3941,-71.1168,6,250173509001002
20008135,2020-02-12 18:26:00,First Half (4PM - Midnight),"HIGHLAND AV & WILLOW AV Somerville, MA",DARK - LIGHTED ROADWAY                            ,CLEAR                                             ,DRY                                               ,NONE                                              ,TRAFFIC CONTROL SIGNAL                            ,FOUR WAY INTERSECTION                             ,"TWO-WAY, NOT DIVIDED                              ",SINGLE VEHICLE CRASH                              ,COLLISION WITH PEDESTRIAN                         ,ROADWAY                                           ,25 ,N,0,0,0,0,2,0,0,1,1,0,0,MARKED CROSSWALK AT INTERSECTION                  ,ENTERING OR CROSSING SPECIFIED LOCATION           ,APPARENTLY NORMAL                                 ,N,42.3941,-71.1168,6,250173509001002
18057336,2018-09-25 19:19:00,First Half (4PM - Midnight),"WHIPPLE ST & WILLOW AV Somerville, MA",DARK - LIGHTED ROADWAY                            ,CLEAR                                             ,WET                                               ,NONE                                              ,NO CONTROLS                                       ,T-INTERSECTION                                    ,"TWO-WAY, NOT DIVIDED                              ",ANGLE                                             ,COLLISION WITH MOTOR VEHICLE IN TRAFFIC           ,ROADWAY                                           ,20 ,N,0,0,0,0,2,0,0,0,0,0,0,,,,N,42.3946,-71.1165,6,250173509001002
19013539,2019-03-12 08:09:00,Day Shift (8AM - 4PM),"HIGHLAND AVE & WILLOW AVE Somerville, MA",DAYLIGHT                                          ,CLEAR                                             ,DRY                                               ,NONE                                              ,TRAFFIC CONTROL SIGNAL                            ,NOT AT INTERSECTION                               ,"ONE-WAY, NOT DIVIDED                              ",UNKNOWN                                           ,COLLISION WITH MOTOR VEHICLE IN TRAFFIC           ,ROADWAY                                           ,25 ,N,0,0,0,0,3,0,0,0,0,0,0,,,,N,42.3941,-71.1168,6,250173509001002
23032419,2023-06-11 07:40:00,Last Half (Midnight - 8AM),"HIGHLAND AV & WILLOW AV Somerville, MA",DAYLIGHT                                          ,CLEAR                                             ,DRY                                               ,NONE                                              ,TRAFFIC CONTROL SIGNAL                            ,FOUR WAY INTERSECTION                             ,"TWO-WAY, NOT DIVIDED                              ",SINGLE VEHICLE CRASH                              ,COLLISION WITH MOTOR VEHICLE IN TRAFFIC           ,ROADWAY                                           ,20 ,N,0,0,0,0,4,0,0,0,0,0,0,,,,N,42.3941,-71.1168,6,250173509001002
19017789,2019-04-01 10:38:00,Day Shift (8AM - 4PM),"HIGHLAND AV & WILLOW AV Somerville, MA",DAYLIGHT                                          ,CLEAR                                             ,DRY                                               ,NONE                                              ,TRAFFIC CONTROL SIGNAL                            ,FOUR WAY INTERSECTION                             ,"ONE-WAY, NOT DIVIDED                              ","SIDESWIPE, SAME DIRECTION                         ",COLLISION WITH PEDALCYCLE                         ,ROADWAY                                           ,25 ,N,0,0,0,0,2,0,0,1,0,1,0,IN ROADWAY                                        ,ENTERING OR CROSSING SPECIFIED LOCATION           ,APPARENTLY NORMAL                                 ,N,42.3941,-71.1168,6,250173509001002
18057917,2018-09-28 00:32:00,Last Half (Midnight - 8AM),"HIGHLAND AV & WILLOW AV Somerville, MA",DARK - LIGHTED ROADWAY                            ,CLEAR                                             ,DRY                                               ,NONE                                              ,TRAFFIC CONTROL SIGNAL                            ,FOUR WAY INTERSECTION                             ,"TWO-WAY, NOT DIVIDED                              ","SIDESWIPE, SAME DIRECTION                         ",COLLISION WITH MOTOR VEHICLE IN TRAFFIC           ,ROADWAY                                           ,25 ,N,0,0,0,0,5,0,0,0,0,0,0,,,,Y,42.3941,-71.1168,6,250173509001002
21060580,2021-11-19 05:28:00,Last Half (Midnight - 8AM),"109 WILLOW AV Somerville, MA",DARK - LIGHTED ROADWAY                            ,CLOUDY                                            ,WET                                               ,UNKNOWN                                           ,NO CONTROLS                                       ,NOT AT INTERSECTION                               ,"TWO-WAY, NOT DIVIDED                              ",SINGLE VEHICLE CRASH                              ,COLLISION WITH PARKED MOTOR VEHICLE               ,SHOULDER - PAVED                                  ,25 ,N,0,0,0,0,3,0,0,0,0,0,0,,,,N,42.3947,-71.1162,6,250173509001003
23015472,2023-03-24 23:16:00,First Half (4PM - Midnight),"101 WILLOW AV Somerville, MA",DUSK                                              ,CLEAR                                             ,DRY                                               ,NONE                                              ,NO CONTROLS                                       ,NOT AT INTERSECTION                               ,"TWO-WAY, NOT DIVIDED                              ","SIDESWIPE, SAME DIRECTION                         ",COLLISION WITH PARKED MOTOR VEHICLE               ,ROADWAY                                           ,25 ,N,0,0,0,0,5,0,0,0,0,0,0,,,,Y,42.3944,-71.1164,6,250173509001003
24029363,2024-05-21 01:07:00,Last Half (Midnight - 8AM),"101 WILLOW AV Somerville, MA",DARK - LIGHTED ROADWAY                            ,CLEAR                                             ,DRY                                               ,NONE                                              ,NO CONTROLS                                       ,NOT AT INTERSECTION                               ,"TWO-WAY, NOT DIVIDED                              ","SIDESWIPE, SAME DIRECTION                         ",COLLISION WITH PARKED MOTOR VEHICLE               ,ROADWAY                                           ,25 ,N,0,0,0,0,1,0,0,0,0,0,0,,,,N,42.3944,-71.1164,6,250173509001003
18044327,2018-07-26 10:11:00,Day Shift (8AM - 4PM),"334 HIGHLAND AV Somerville, MA",DAYLIGHT                                          ,CLOUDY                                            ,DRY                                               ,NONE                                              ,STOP SIGNS                                        ,T-INTERSECTION                                    ,"TWO-WAY, NOT DIVIDED                              ",ANGLE                                             ,COLLISION WITH MOTOR VEHICLE IN TRAFFIC           ,ROADWAY                                           ,25 ,N,0,0,0,1,0,0,0,0,0,0,0,,,,N,42.3936,-71.1161,6,250173509001006
18057673,2018-09-26 23:40:00,First Half (4PM - Midnight),"324 HIGHLAND AV Somerville, MA",DARK - LIGHTED ROADWAY                            ,RAIN                                              ,WET                                               ,UNKNOWN                                           ,STOP SIGNS                                        ,T-INTERSECTION                                    ,"TWO-WAY, NOT DIVIDED                              ",UNKNOWN                                           ,COLLISION WITH MOTOR VEHICLE IN TRAFFIC           ,ROADWAY                                           ,25 ,N,0,0,0,0,1,1,0,0,0,0,0,,,,Y,42.3932,-71.1152,6,250173509001006
23018432,2023-04-07 16:15:00,First Half (4PM - Midnight),"332 HIGHLAND AV Somerville, MA",DAYLIGHT                                          ,CLEAR                                             ,DRY                                               ,NONE                                              ,NO CONTROLS                                       ,NOT AT INTERSECTION                               ,UNKNOWN                                           ,SINGLE VEHICLE CRASH                              ,OTHER                                             ,OUTSIDE ROADWAY                                   ,20 ,N,0,0,0,0,3,0,0,2,0,0,2,UNKNOWN                                           ,OTHER                                             ,OTHER                                             ,N,42.3935,-71.116,6,250173509001006
20009184,2020-02-18 08:25:00,Day Shift (8AM - 4PM),"324 HIGHLAND AVE Somerville, MA",DAYLIGHT                                          ,CLOUDY                                            ,DRY                                               ,NONE                                              ,NO CONTROLS                                       ,NOT AT INTERSECTION                               ,"TWO-WAY, NOT DIVIDED                              ","SIDESWIPE, OPPOSITE DIRECTION                     ",COLLISION WITH MOTOR VEHICLE IN TRAFFIC           ,ROADWAY                                           ,25 ,N,0,0,0,0,3,0,0,0,0,0,0,,,,N,42.3932,-71.1152,6,250173509001006
20005900,2020-02-01 21:32:00,First Half (4PM - Midnight),"1 WINDSOR RD Somerville, MA",DARK - ROADWAY NOT LIGHTED                        ,CLEAR                                             ,WET                                               ,NONE                                              ,NO CONTROLS                                       ,T-INTERSECTION                                    ,"ONE-WAY, NOT DIVIDED                              ","SIDESWIPE, SAME DIRECTION                         ",COLLISION WITH PARKED MOTOR VEHICLE               ,ROADWAY                                           ,25 ,N,0,0,0,0,4,0,0,0,0,0,0,,,,N,42.393,-71.1153,6,250173509001006
19068851,2019-12-04 14:20:00,Day Shift (8AM - 4PM),"360 HIGHLAND AV Somerville, MA",DAYLIGHT                                          ,CLOUDY                                            ,WET                                               ,NONE                                              ,NO CONTROLS                                       ,NOT AT INTERSECTION                               ,"TWO-WAY, NOT DIVIDED                              ",REAR-END                                          ,COLLISION WITH MOTOR VEHICLE IN TRAFFIC           ,ROADWAY                                           ,25 ,N,0,0,0,0,4,0,0,0,0,0,0,,,,N,42.3943,-71.1177,6,250173509001007
18049369,2018-08-19 03:23:00,Last Half (Midnight - 8AM),"76 WILLOW AVE Somerville, MA",DARK - LIGHTED ROADWAY                            ,RAIN                                              ,WET                                               ,NONE                                              ,NO CONTROLS                                       ,NOT AT INTERSECTION                               ,"ONE-WAY, NOT DIVIDED                              ",UNKNOWN                                           ,COLLISION WITH PARKED MOTOR VEHICLE               ,UNKNOWN                                           ,,N,0,0,0,0,1,0,0,0,0,0,0,,,,N,42.3938,-71.1173,6,250173509001007
20041604,2020-08-28 13:48:00,Day Shift (8AM - 4PM),"HIGHLAND AV & WHIPPLE ST Somerville, MA",DAYLIGHT                                          ,CLEAR                                             ,"SAND, MUD, DIRT, OIL, GRAVEL                      ",ROAD SURFACE CONDITION                            ,NO CONTROLS                                       ,T-INTERSECTION                                    ,"TWO-WAY, NOT DIVIDED                              ",REAR-END                                          ,COLLISION WITH MOTOR VEHICLE IN TRAFFIC           ,ROADWAY                                           ,25 ,N,0,0,0,1,2,0,0,0,0,0,0,,,,N,42.3945,-71.1177,6,250173509001007
24025470,2024-05-04 14:02:00,Day Shift (8AM - 4PM),"WILLOW AV & WINDSOR RD Somerville, MA",DAYLIGHT                                          ,CLEAR                                             ,DRY                                               ,NONE                                              ,STOP SIGNS                                        ,FOUR WAY INTERSECTION                             ,"ONE-WAY, NOT DIVIDED                              ",REAR-END                                          ,COLLISION WITH MOTOR VEHICLE IN TRAFFIC           ,ROADWAY                                           ,20 ,N,0,0,0,0,2,1,0,0,0,0,0,,,,N,42.3936,-71.1172,6,250173509001007
21066163,2021-12-26 18:53:00,First Half (4PM - Midnight),"362 HIGHLAND AV Somerville, MA",DARK - LIGHTED ROADWAY                            ,CLEAR                                             ,DRY                                               ,NONE                                              ,NO CONTROLS                                       ,NOT AT INTERSECTION                               ,"TWO-WAY, DIVIDED, UNPROTECTED MEDIAN              ",ANGLE                                             ,COLLISION WITH MOTOR VEHICLE IN TRAFFIC           ,ROADWAY                                           ,25 ,N,0,0,0,1,1,0,0,0,0,0,0,,,,N,42.3944,-71.1179,6,250173509001007
21021463,2021-04-30 15:31:00,Day Shift (8AM - 4PM),"378 HIGHLAND AV Somerville, MA",DAYLIGHT                                          ,CLEAR                                             ,DRY                                               ,NONE                                              ,NO CONTROLS                                       ,NOT AT INTERSECTION                               ,"TWO-WAY, NOT DIVIDED                              ","SIDESWIPE, SAME DIRECTION                         ",COLLISION WITH MOTOR VEHICLE IN TRAFFIC           ,ROADWAY                                           ,20 ,N,0,0,0,0,3,0,0,0,0,0,0,,,,N,42.395,-71.1193,6,250173509001008
20036895,2020-07-29 10:18:00,Day Shift (8AM - 4PM),"351 SUMMER ST Somerville, MA",DAYLIGHT                                          ,CLEAR                                             ,DRY                                               ,NONE                                              ,NO CONTROLS                                       ,DRIVEWAY                                          ,UNKNOWN                                           ,SINGLE VEHICLE CRASH                              ,COLLISION WITH UNKNOWN FIXED OBJECT               ,UNKNOWN                                           ,10 ,N,0,0,0,0,2,0,0,0,0,0,0,,,,N,42.3938,-71.1194,6,250173509002001
25001940,2025-01-11 16:53:00,First Half (4PM - Midnight),"5 CUTTER AV Somerville, MA",DARK - ROADWAY NOT LIGHTED                        ,SNOW                                              ,SNOW                                              ,UNKNOWN                                           ,NO CONTROLS                                       ,NOT AT INTERSECTION                               ,"ONE-WAY, NOT DIVIDED                              ",SINGLE VEHICLE CRASH                              ,COLLISION WITH PEDESTRIAN                         ,ROADWAY                                           ,25 ,N,0,1,0,0,4,0,0,1,1,0,0,IN ROADWAY                                        ,ENTERING OR CROSSING SPECIFIED LOCATION           ,APPARENTLY NORMAL                                 ,N,42.3942,-71.1201,6,250173509002001
18062651,2018-10-22 08:57:00,Day Shift (8AM - 4PM),"195 ELM ST Somerville, MA",DAYLIGHT                                          ,CLEAR                                             ,DRY                                               ,WORK ZONE                                         ,NO CONTROLS                                       ,DRIVEWAY                                          ,"TWO-WAY, NOT DIVIDED                              ",REAR-END                                          ,COLLISION WITH PEDALCYCLE                         ,ROADWAY                                           ,25 ,Y,0,0,0,0,3,0,0,1,0,1,0,IN ROADWAY                                        ,"WALKING, RUNNING OR CYCLING                       ",APPARENTLY NORMAL                                 ,N,42.3934,-71.1204,6,250173509002002
23062560,2023-10-28 11:42:00,Day Shift (8AM - 4PM),"ELM ST & WINDOM ST Somerville, MA",DAYLIGHT                                          ,CLEAR                                             ,DRY                                               ,NONE                                              ,NO CONTROLS                                       ,NOT AT INTERSECTION                               ,"TWO-WAY, NOT DIVIDED                              ","SIDESWIPE, SAME DIRECTION                         ",COLLISION WITH PEDALCYCLE                         ,ROADWAY                                           ,25 ,N,0,0,1,0,2,0,0,1,0,1,0,IN ROADWAY                                        ,"WALKING, RUNNING OR CYCLING                       ",APPARENTLY NORMAL                                 ,N,42.3928,-71.1203,6,250173509002002
19001203,2019-01-07 18:24:00,First Half (4PM - Midnight),"RUSSEL ST & ELM ST Somerville, MA",DARK - LIGHTED ROADWAY                            ,CLEAR                                             ,DRY                                               ,NONE                                              ,TRAFFIC CONTROL SIGNAL                            ,FOUR WAY INTERSECTION                             ,"TWO-WAY, NOT DIVIDED                              ",ANGLE                                             ,COLLISION WITH LIGHT POLE OR OTHER POST/SUPPORT   ,ROADSIDE                                          ,20 ,N,0,0,0,0,1,0,0,0,0,0,0,,,,N,42.3938,-71.1209,6,250173509002002
20042370,2020-09-02 11:38:00,Day Shift (8AM - 4PM),"187 ELM ST Somerville, MA",DAYLIGHT                                          ,RAIN                                              ,WET                                               ,NONE                                              ,NO CONTROLS                                       ,NOT AT INTERSECTION                               ,"TWO-WAY, NOT DIVIDED                              ",HEAD ON                                           ,COLLISION WITH MOTOR VEHICLE IN TRAFFIC           ,ROADWAY                                           ,25 ,N,0,0,0,0,3,0,0,0,0,0,0,,,,N,42.3931,-71.1203,6,250173509002002
22043466,2022-08-05 15:20:00,Day Shift (8AM - 4PM),"197 ELM ST Somerville, MA",DAYLIGHT                                          ,CLEAR                                             ,DRY                                               ,NONE                                              ,NO CONTROLS                                       ,NOT AT INTERSECTION                               ,"TWO-WAY, NOT DIVIDED                              ",REAR-END                                          ,COLLISION WITH MOTOR VEHICLE IN TRAFFIC           ,UNKNOWN                                           ,25 ,N,0,0,0,1,2,0,0,0,0,0,0,,,,N,42.3935,-71.1204,6,250173509002002
20026720,2020-05-25 18:34:00,First Half (4PM - Midnight),"201 ELM ST Somerville, MA",DAYLIGHT                                          ,CLEAR                                             ,DRY                                               ,NONE                                              ,NO CONTROLS                                       ,NOT AT INTERSECTION                               ,"TWO-WAY, NOT DIVIDED                              ","SIDESWIPE, SAME DIRECTION                         ",COLLISION WITH MOTOR VEHICLE IN TRAFFIC           ,ROADWAY                                           ,25 ,N,0,0,0,0,2,0,0,0,0,0,0,,,,N,42.3938,-71.1205,6,250173509002002
21054187,2021-10-14 20:51:00,First Half (4PM - Midnight),"ELM ST & RUSSELL ST Somerville, MA",DARK - LIGHTED ROADWAY                            ,CLEAR                                             ,DRY                                               ,NONE                                              ,TRAFFIC CONTROL SIGNAL                            ,T-INTERSECTION                                    ,"ONE-WAY, NOT DIVIDED                              ",SINGLE VEHICLE CRASH                              ,COLLISION WITH PEDESTRIAN                         ,UNKNOWN                                           ,25 ,N,0,1,0,0,3,0,0,1,1,0,0,MARKED CROSSWALK AT INTERSECTION                  ,ENTERING OR CROSSING SPECIFIED LOCATION           ,APPARENTLY NORMAL                                 ,N,42.3938,-71.1209,6,250173509002002
19038668,2019-07-08 16:40:00,First Half (4PM - Midnight),"187 ELM ST Somerville, MA",DAYLIGHT                                          ,CLEAR                                             ,DRY                                               ,NONE                                              ,NO CONTROLS                                       ,NOT AT INTERSECTION                               ,"TWO-WAY, NOT DIVIDED                              ","SIDESWIPE, SAME DIRECTION                         ",COLLISION WITH MOTOR VEHICLE IN TRAFFIC           ,ROADWAY                                           ,20 ,N,0,0,0,0,2,1,0,0,0,0,0,,,,N,42.3931,-71.1203,6,250173509002002
22022933,2022-04-28 07:16:00,Last Half (Midnight - 8AM),"ELM ST & CUTTER AVE Somerville, MA",DAYLIGHT                                          ,CLEAR                                             ,DRY                                               ,NONE                                              ,TRAFFIC CONTROL SIGNAL                            ,FOUR WAY INTERSECTION                             ,"TWO-WAY, NOT DIVIDED                              ","SIDESWIPE, SAME DIRECTION                         ",COLLISION WITH MOTOR VEHICLE IN TRAFFIC           ,ROADWAY                                           ,25 ,N,0,0,0,0,3,0,0,0,0,0,0,,,,N,42.3938,-71.1209,6,250173509002002
22046181,2022-08-18 19:00:00,First Half (4PM - Midnight),"201 ELM ST Somerville, MA",DAYLIGHT                                          ,CLEAR                                             ,DRY                                               ,NONE                                              ,TRAFFIC CONTROL SIGNAL                            ,FOUR WAY INTERSECTION                             ,"TWO-WAY, NOT DIVIDED                              ",SINGLE VEHICLE CRASH                              ,OTHER                                             ,OUTSIDE ROADWAY                                   ,25 ,N,0,0,0,0,2,0,0,0,0,0,0,,,,N,42.3938,-71.1205,6,250173509002002