Crash Number,Date and Time of Crash,Police Shift,Crash Location,Light Conditions,Weather Conditions,Road Surface,Road Contributing Circumstances,Traffic Control Device Type,Roadway Intersection Type,Trafficway Description,Manner of Collision,First Harmful Event,First Harmful Event Location,Speed Limit,Work Zone,Count Fatal Injury ,Count Suspected Serious Injury,Count Suspected Minor Injury ,Count Possible Injury,Count No Apparent Injury,Count Unknown Injury,Count Not Reported Injury,Total Non-Motorists,Pedestrian Involvement (Non-Motorist),Cyclist Involvement (Non-Motorist),Other Non-Motorist Involvement,Non-Motorist Location ,Non-Motorist Action,Non-Motorist Condition,Hit and Run Flag,Latitude,Longitude,Ward,Block Code 
24078445,2024-12-17 11:02:00,Day Shift (8AM - 4PM),"GROVE ST & HIGHLAND AV Somerville, MA",DAYLIGHT                                          ,CLOUDY                                            ,DRY                                               ,NONE                                              ,STOP SIGNS                                        ,T-INTERSECTION                                    ,"TWO-WAY, NOT DIVIDED                              ","SIDESWIPE, SAME DIRECTION                         ",COLLISION WITH MOTOR VEHICLE IN TRAFFIC           ,ROADWAY                                           ,25 ,N,0,0,0,1,5,0,0,0,0,0,0,,,,N,42.3957,-71.1205,6,250173509003000
18037122,2018-06-21 22:43:00,First Half (4PM - Midnight),"HUDSON ST & LOWELL ST Somerville, MA",DARK - LIGHTED ROADWAY                            ,CLEAR                                             ,DRY                                               ,TRAFFIC CONTROL DEVICE                            ,STOP SIGNS                                        ,FOUR WAY INTERSECTION                             ,"TWO-WAY, NOT DIVIDED                              ","SIDESWIPE, SAME DIRECTION                         ",COLLISION WITH MOTOR VEHICLE IN TRAFFIC           ,ROADWAY                                           ,,N,0,0,0,0,0,0,0,0,0,0,0,,,,N,42.3908,-71.1076,5,250173510021002
18070899,2018-11-30 21:07:00,First Half (4PM - Midnight),"400 HIGHLAND AVE Somerville, MA",DARK - LIGHTED ROADWAY                            ,CLEAR                                             ,DRY                                               ,NONE                                              ,NO CONTROLS                                       ,NOT AT INTERSECTION                               ,"ONE-WAY, NOT DIVIDED                              ",ANGLE                                             ,COLLISION WITH MOTOR VEHICLE IN TRAFFIC           ,ROADWAY                                           ,20 ,N,0,0,0,0,4,0,0,0,0,0,0,,,,N,42.3957,-71.1209,6,250173509003001
22056588,2022-10-04 00:34:00,Last Half (Midnight - 8AM),"239 ELM ST Somerville, MA",DARK - LIGHTED ROADWAY                            ,CLEAR                                             ,DRY                                               ,NONE                                              ,NO CONTROLS                                       ,NOT AT INTERSECTION                               ,"ONE-WAY, NOT DIVIDED                              ","SIDESWIPE, SAME DIRECTION                         ",COLLISION WITH PARKED MOTOR VEHICLE               ,ROADWAY                                           ,25 ,N,0,0,0,0,3,0,0,0,0,0,0,,,,N,42.3953,-71.1216,6,250173509003001
24057206,2024-09-16 22:58:00,First Half (4PM - Midnight),"9 DAVIS SQ Somerville, MA",DARK - LIGHTED ROADWAY                            ,CLEAR                                             ,DRY                                               ,NONE                                              ,TRAFFIC CONTROL SIGNAL                            ,FIVE-POINT OR MORE                                ,"TWO-WAY, NOT DIVIDED                              ",ANGLE                                             ,COLLISION WITH MOTOR VEHICLE IN TRAFFIC           ,ROADWAY                                           ,20 ,N,0,0,0,0,2,0,0,0,0,0,0,,,,N,42.396,-71.1221,6,250173509003001
19038856,2019-07-09 13:56:00,Day Shift (8AM - 4PM),"416 HIGHLAND AV Somerville, MA",DAYLIGHT                                          ,CLEAR                                             ,DRY                                               ,NONE                                              ,NO CONTROLS                                       ,NOT AT INTERSECTION                               ,"ONE-WAY, NOT DIVIDED                              ",REAR-END                                          ,COLLISION WITH PEDESTRIAN                         ,ROADWAY                                           ,20 ,N,0,0,1,0,2,0,0,0,0,0,0,,,,N,42.396,-71.1216,6,250173509003001
19005900,2019-02-01 20:30:00,First Half (4PM - Midnight),"406 HIGHLAND AV Somerville, MA",DARK - LIGHTED ROADWAY                            ,CLEAR                                             ,DRY                                               ,NONE                                              ,STOP SIGNS                                        ,NOT AT INTERSECTION                               ,"ONE-WAY, NOT DIVIDED                              ",REAR-END                                          ,COLLISION WITH MOTOR VEHICLE IN TRAFFIC           ,ROADWAY                                           ,20 ,N,0,0,0,1,1,0,0,0,0,0,0,,,,N,42.3959,-71.1213,6,250173509003001
25021854,2025-04-21 19:14:00,First Half (4PM - Midnight),"410 HIGHLAND AV Somerville, MA",DAYLIGHT                                          ,CLEAR                                             ,DRY                                               ,NONE                                              ,NO CONTROLS                                       ,NOT AT INTERSECTION                               ,"ONE-WAY, NOT DIVIDED                              ","SIDESWIPE, SAME DIRECTION                         ",COLLISION WITH MOTOR VEHICLE IN TRAFFIC           ,ROADWAY                                           ,20 ,N,0,0,0,0,1,1,0,0,0,0,0,,,,Y,42.396,-71.1216,6,250173509003001
24073208,2024-11-21 22:36:00,First Half (4PM - Midnight),"9 DAVIS SQ Somerville, MA",DARK - LIGHTED ROADWAY                            ,RAIN                                              ,WET                                               ,NONE                                              ,TRAFFIC CONTROL SIGNAL                            ,FOUR WAY INTERSECTION                             ,"TWO-WAY, NOT DIVIDED                              ",ANGLE                                             ,COLLISION WITH MOTOR VEHICLE IN TRAFFIC           ,ROADWAY                                           ,20 ,N,0,0,0,0,2,0,0,0,0,0,0,,,,N,42.396,-71.1221,6,250173509003001
19058999,2019-10-14 12:40:00,Day Shift (8AM - 4PM),"30 DAVIS SQ Somerville, MA",DAYLIGHT                                          ,CLEAR                                             ,DRY                                               ,NONE                                              ,TRAFFIC CONTROL SIGNAL                            ,NOT AT INTERSECTION                               ,"TWO-WAY, DIVIDED, UNPROTECTED MEDIAN              ","SIDESWIPE, SAME DIRECTION                         ",COLLISION WITH MOTOR VEHICLE IN TRAFFIC           ,ROADWAY                                           ,20 ,N,0,0,0,0,2,0,0,0,0,0,0,,,,N,42.3962,-71.1222,6,250173509003001
22030246,2022-05-31 07:51:00,Last Half (Midnight - 8AM),"406 HIGHLAND AV Somerville, MA",DAYLIGHT                                          ,CLEAR                                             ,DRY                                               ,NONE                                              ,NO CONTROLS                                       ,NOT AT INTERSECTION                               ,"ONE-WAY, NOT DIVIDED                              ",ANGLE                                             ,COLLISION WITH MOTOR VEHICLE IN TRAFFIC           ,ROADWAY                                           ,25 ,N,0,0,0,0,4,0,0,0,0,0,0,,,,N,42.3959,-71.1213,6,250173509003001
23026617,2023-05-15 08:12:00,Day Shift (8AM - 4PM),"406 HIGHLAND AV Somerville, MA",DAYLIGHT                                          ,CLOUDY                                            ,DRY                                               ,NONE                                              ,NO CONTROLS                                       ,NOT AT INTERSECTION                               ,"ONE-WAY, NOT DIVIDED                              ",ANGLE                                             ,COLLISION WITH MOTOR VEHICLE IN TRAFFIC           ,ROADWAY                                           ,25 ,N,0,0,0,0,3,0,0,0,0,0,0,,,,N,42.3959,-71.1213,6,250173509003001
21035285,2021-07-10 14:22:00,Day Shift (8AM - 4PM),"400 HIGHLAND AV Somerville, MA",DAYLIGHT                                          ,CLEAR                                             ,DRY                                               ,NONE                                              ,NO CONTROLS                                       ,NOT AT INTERSECTION                               ,"ONE-WAY, NOT DIVIDED                              ",REAR-END                                          ,COLLISION WITH MOTOR VEHICLE IN TRAFFIC           ,ROADWAY                                           ,25 ,N,0,0,0,3,1,0,0,0,0,0,0,,,,N,42.3957,-71.1209,6,250173509003001
19000590,2019-01-04 11:09:00,Day Shift (8AM - 4PM),"257 ELM ST Somerville, MA",DAYLIGHT                                          ,CLEAR                                             ,DRY                                               ,NONE                                              ,NO CONTROLS                                       ,NOT AT INTERSECTION                               ,"ONE-WAY, NOT DIVIDED                              ",HEAD ON                                           ,COLLISION WITH PEDESTRIAN                         ,ROADWAY                                           ,30 ,N,0,0,0,1,1,0,0,1,1,0,0,MARKED CROSSWALK AT INTERSECTION                  ,"WALKING, RUNNING OR CYCLING                       ",APPARENTLY NORMAL                                 ,N,42.3957,-71.1216,6,250173509003001
20053095,2020-11-01 21:00:00,First Half (4PM - Midnight),"233A ELM ST Somerville, MA",DARK - UNKNOWN ROADWAY LIGHTING                   ,CLOUDY                                            ,WET                                               ,NONE                                              ,STOP SIGNS                                        ,T-INTERSECTION                                    ,"TWO-WAY, DIVIDED, UNPROTECTED MEDIAN              ",ANGLE                                             ,COLLISION WITH PEDALCYCLE                         ,ROADWAY                                           ,25 ,N,0,0,0,0,1,0,0,1,0,1,0,MARKED CROSSWALK AT INTERSECTION                  ,ENTERING OR CROSSING SPECIFIED LOCATION           ,APPARENTLY NORMAL                                 ,Y,42.3951,-71.1214,6,250173509003001
24006890,2024-02-06 19:22:00,First Half (4PM - Midnight),"255 ELM ST Somerville, MA",DARK - LIGHTED ROADWAY                            ,CLEAR                                             ,DRY                                               ,NONE                                              ,TRAFFIC CONTROL SIGNAL                            ,T-INTERSECTION                                    ,"ONE-WAY, NOT DIVIDED                              ",ANGLE                                             ,COLLISION WITH PARKED MOTOR VEHICLE               ,ROADWAY                                           ,20 ,N,0,0,0,0,2,0,0,0,0,0,0,,,,N,42.3957,-71.1216,6,250173509003001
19046034,2019-08-12 14:20:00,Day Shift (8AM - 4PM),"CHESTER ST & ELM ST Somerville, MA",DAYLIGHT                                          ,CLEAR                                             ,DRY                                               ,NONE                                              ,NO CONTROLS                                       ,T-INTERSECTION                                    ,"ONE-WAY, NOT DIVIDED                              ",ANGLE                                             ,COLLISION WITH MOTOR VEHICLE IN TRAFFIC           ,ROADWAY                                           ,25 ,N,0,0,0,1,2,0,0,0,0,0,0,,,,N,42.3954,-71.1219,6,250173509003001
18070042,2018-11-27 08:16:00,Day Shift (8AM - 4PM),"55 DAVIS SQ Somerville, MA",DAYLIGHT                                          ,RAIN                                              ,WET                                               ,NONE                                              ,NO CONTROLS                                       ,T-INTERSECTION                                    ,"TWO-WAY, NOT DIVIDED                              ",ANGLE                                             ,COLLISION WITH PARKED MOTOR VEHICLE               ,SHOULDER - PAVED                                  ,25 ,N,0,0,0,0,2,0,0,0,0,0,0,,,,N,42.3966,-71.123,6,250173509003002
21063450,2021-12-08 08:15:00,Day Shift (8AM - 4PM),"55 DAVIS SQ Somerville, MA",DAYLIGHT                                          ,CLOUDY                                            ,DRY                                               ,NONE                                              ,TRAFFIC CONTROL SIGNAL                            ,NOT AT INTERSECTION                               ,"TWO-WAY, NOT DIVIDED                              ",ANGLE                                             ,COLLISION WITH MOTOR VEHICLE IN TRAFFIC           ,ROADWAY                                           ,25 ,N,0,0,1,0,2,0,0,1,0,1,0,IN ROADWAY                                        ,ENTERING OR CROSSING SPECIFIED LOCATION           ,APPARENTLY NORMAL                                 ,N,42.3966,-71.123,6,250173509003002
21016375,2021-04-01 10:17:00,Day Shift (8AM - 4PM),"55 DAVIS SQ Somerville, MA",DAYLIGHT                                          ,CLOUDY                                            ,DRY                                               ,NONE                                              ,TRAFFIC CONTROL SIGNAL                            ,NOT AT INTERSECTION                               ,"TWO-WAY, NOT DIVIDED                              ","SIDESWIPE, SAME DIRECTION                         ",COLLISION WITH MOTOR VEHICLE IN TRAFFIC           ,ROADWAY                                           ,25 ,N,0,0,0,0,3,0,0,0,0,0,0,,,,N,42.3966,-71.123,6,250173509003002
23072959,2023-12-19 14:27:00,Day Shift (8AM - 4PM),"55 DAVIS SQ Somerville, MA",DAYLIGHT                                          ,CLOUDY                                            ,DRY                                               ,NONE                                              ,NO CONTROLS                                       ,NOT AT INTERSECTION                               ,"TWO-WAY, NOT DIVIDED                              ",ANGLE                                             ,COLLISION WITH PEDALCYCLE                         ,ROADWAY                                           ,25 ,N,0,0,0,1,1,0,0,1,0,1,0,MARKED CROSSWALK AT INTERSECTION                  ,ENTERING OR CROSSING SPECIFIED LOCATION           ,APPARENTLY NORMAL                                 ,N,42.3966,-71.123,6,250173509003002
19003899,2019-01-22 11:12:00,Day Shift (8AM - 4PM),"2 HOLLAND ST Somerville, MA",DAYLIGHT                                          ,CLEAR                                             ,SNOW                                              ,NONE                                              ,WARNING SIGNS                                     ,NOT AT INTERSECTION                               ,"TWO-WAY, NOT DIVIDED                              ",SINGLE VEHICLE CRASH                              ,COLLISION WITH PEDESTRIAN                         ,ROADWAY                                           ,25 ,N,0,1,0,0,1,0,0,1,1,0,0,NON-INTERSECTION CROSSWALK                        ,ENTERING OR CROSSING SPECIFIED LOCATION           ,PHYSICAL IMPAIRMENT                               ,N,42.3965,-71.1227,6,250173509003002
18059424,2018-10-05 11:53:00,Day Shift (8AM - 4PM),"2 HOLLAND ST Somerville, MA",DAYLIGHT                                          ,CLEAR                                             ,DRY                                               ,NONE                                              ,WARNING SIGNS                                     ,NOT AT INTERSECTION                               ,"TWO-WAY, DIVIDED, UNPROTECTED MEDIAN              ",SINGLE VEHICLE CRASH                              ,COLLISION WITH PEDESTRIAN                         ,ROADWAY                                           ,25 ,N,0,0,0,1,1,0,0,1,1,0,0,NON-INTERSECTION CROSSWALK                        ,ENTERING OR CROSSING SPECIFIED LOCATION           ,APPARENTLY NORMAL                                 ,N,42.3965,-71.1227,6,250173509003002
23054554,2023-09-22 13:39:00,Day Shift (8AM - 4PM),"31-99 BUENA VISTA RD Somerville, MA",DAYLIGHT                                          ,CLOUDY                                            ,DRY                                               ,NONE                                              ,NO CONTROLS                                       ,NOT AT INTERSECTION                               ,"TWO-WAY, NOT DIVIDED                              ",ANGLE                                             ,COLLISION WITH MOTOR VEHICLE IN TRAFFIC           ,ROADWAY                                           ,20 ,N,0,0,0,0,4,0,0,0,0,0,0,,,,N,42.397,-71.1246,6,250173509003003
23030643,2023-06-02 15:46:00,Day Shift (8AM - 4PM),"64 MEACHAM RD Somerville, MA",DAYLIGHT                                          ,CLEAR                                             ,DRY                                               ,NONE                                              ,NO CONTROLS                                       ,NOT AT INTERSECTION                               ,UNKNOWN                                           ,SINGLE VEHICLE CRASH                              ,COLLISION WITH UNKNOWN FIXED OBJECT               ,OUTSIDE ROADWAY                                   ,25 ,N,0,0,0,0,3,0,0,1,0,0,1,UNKNOWN                                           ,OTHER                                             ,APPARENTLY NORMAL                                 ,N,42.3968,-71.1244,6,250173509003007
24064517,2024-10-16 09:38:00,Day Shift (8AM - 4PM),"99 DOVER ST Somerville, MA",DAYLIGHT                                          ,CLEAR                                             ,DRY                                               ,NONE                                              ,NO CONTROLS                                       ,NOT AT INTERSECTION                               ,"ONE-WAY, NOT DIVIDED                              ","SIDESWIPE, SAME DIRECTION                         ",COLLISION WITH PARKED MOTOR VEHICLE               ,ROADWAY                                           ,25 ,N,0,0,0,0,3,0,0,0,0,0,0,,,,N,42.3966,-71.1238,6,250173509003007
18028661,2018-05-15 12:04:00,Day Shift (8AM - 4PM),"79 DOVER ST Somerville, MA",DAYLIGHT                                          ,CLEAR                                             ,DRY                                               ,NONE                                              ,NO CONTROLS                                       ,T-INTERSECTION                                    ,"TWO-WAY, NOT DIVIDED                              ","SIDESWIPE, SAME DIRECTION                         ",COLLISION WITH PARKED MOTOR VEHICLE               ,ROADWAY                                           ,25 ,N,0,0,0,0,0,0,0,0,0,0,0,,,,N,42.3962,-71.1246,6,250173509003007
23034542,2023-06-20 21:27:00,First Half (4PM - Midnight),"62 MEACHAM RD Somerville, MA",DARK - LIGHTED ROADWAY                            ,CLEAR                                             ,DRY                                               ,NONE                                              ,NO CONTROLS                                       ,NOT AT INTERSECTION                               ,"ONE-WAY, NOT DIVIDED                              ",SINGLE VEHICLE CRASH                              ,COLLISION WITH PARKED MOTOR VEHICLE               ,ROADWAY                                           ,25 ,N,0,0,0,0,2,0,0,0,0,0,0,,,,N,42.3968,-71.1245,6,250173509003007
23048987,2023-08-28 07:30:00,Last Half (Midnight - 8AM),"61 DOVER ST Somerville, MA",DAYLIGHT                                          ,CLEAR                                             ,DRY                                               ,NONE                                              ,NO CONTROLS                                       ,NOT AT INTERSECTION                               ,"ONE-WAY, NOT DIVIDED                              ","SIDESWIPE, SAME DIRECTION                         ",COLLISION WITH PARKED MOTOR VEHICLE               ,ROADWAY                                           ,20 ,N,0,0,0,0,4,0,0,0,0,0,0,,,,N,42.3958,-71.1253,6,250173509003007
25034165,2025-06-18 11:41:00,Day Shift (8AM - 4PM),"99 DOVER ST Somerville, MA",DAYLIGHT                                          ,CLEAR                                             ,DRY                                               ,NONE                                              ,NO CONTROLS                                       ,NOT AT INTERSECTION                               ,"ONE-WAY, NOT DIVIDED                              ",SINGLE VEHICLE CRASH                              ,COLLISION WITH UNKNOWN FIXED OBJECT               ,ROADSIDE                                          ,20 ,N,0,0,0,0,1,0,0,0,0,0,0,,,,Y,42.3966,-71.1238,6,250173509003007
19013155,2019-03-10 10:06:00,Day Shift (8AM - 4PM),"KINGSTON ST & MEACHAM RD Somerville, MA",DAYLIGHT                                          ,SNOW                                              ,SNOW                                              ,ROAD SURFACE CONDITION                            ,STOP SIGNS                                        ,T-INTERSECTION                                    ,"TWO-WAY, NOT DIVIDED                              ","SIDESWIPE, OPPOSITE DIRECTION                     ",COLLISION WITH PARKED MOTOR VEHICLE               ,ROADWAY                                           ,25 ,N,0,0,0,0,4,0,0,0,0,0,0,,,,N,42.3965,-71.1253,6,250173509003007
19017852,2019-04-01 15:10:00,Day Shift (8AM - 4PM),"1 DAVIS SQ Somerville, MA",DAYLIGHT                                          ,CLEAR                                             ,DRY                                               ,NONE                                              ,TRAFFIC CONTROL SIGNAL                            ,FOUR WAY INTERSECTION                             ,UNKNOWN                                           ,ANGLE                                             ,COLLISION WITH PEDESTRIAN                         ,ROADWAY                                           ,25 ,N,0,0,1,0,5,0,0,1,0,0,1,MARKED CROSSWALK AT INTERSECTION                  ,ENTERING OR CROSSING SPECIFIED LOCATION           ,APPARENTLY NORMAL                                 ,N,42.3963,-71.1228,6,250173509003008
22037048,2022-07-03 16:59:00,First Half (4PM - Midnight),"1 DAVIS SQ Somerville, MA",DAYLIGHT                                          ,CLEAR                                             ,DRY                                               ,NONE                                              ,TRAFFIC CONTROL SIGNAL                            ,FIVE-POINT OR MORE                                ,"TWO-WAY, NOT DIVIDED                              ",ANGLE                                             ,COLLISION WITH MOTOR VEHICLE IN TRAFFIC           ,ROADWAY                                           ,20 ,N,0,0,1,0,3,0,0,0,0,0,0,,,,N,42.3963,-71.1228,6,250173509003008
21048376,2021-09-15 10:41:00,Day Shift (8AM - 4PM),"100 DOVER ST Somerville, MA",DAYLIGHT                                          ,CLOUDY                                            ,DRY                                               ,NONE                                              ,NO CONTROLS                                       ,NOT AT INTERSECTION                               ,"ONE-WAY, NOT DIVIDED                              ","SIDESWIPE, SAME DIRECTION                         ",COLLISION WITH PARKED MOTOR VEHICLE               ,ROADWAY                                           ,25 ,N,0,0,0,0,3,0,0,0,0,0,0,,,,N,42.3963,-71.1238,6,250173509003008
22070563,2022-12-15 12:01:00,Day Shift (8AM - 4PM),"DOVER ST & ORCHARD ST Somerville, MA",DAYLIGHT                                          ,CLOUDY                                            ,WET                                               ,NONE                                              ,STOP SIGNS                                        ,T-INTERSECTION                                    ,"ONE-WAY, NOT DIVIDED                              ",ANGLE                                             ,COLLISION WITH MOTOR VEHICLE IN TRAFFIC           ,ROADWAY                                           ,20 ,N,0,0,0,0,2,0,0,0,0,0,0,,,,N,42.3955,-71.1254,6,250173509003008
19016552,2019-03-26 09:44:00,Day Shift (8AM - 4PM),"DOVER ST & ORCHARD ST Somerville, MA",DAYLIGHT                                          ,CLEAR                                             ,DRY                                               ,NONE                                              ,STOP SIGNS                                        ,FOUR WAY INTERSECTION                             ,"ONE-WAY, NOT DIVIDED                              ",ANGLE                                             ,COLLISION WITH MOTOR VEHICLE IN TRAFFIC           ,ROADWAY                                           ,20 ,N,0,0,0,0,3,0,0,0,0,0,0,,,,N,42.3955,-71.1254,6,250173509003008
19031141,2019-06-04 12:59:00,Day Shift (8AM - 4PM),"1 DAVIS SQ Somerville, MA",DAYLIGHT                                          ,CLEAR                                             ,DRY                                               ,NONE                                              ,TRAFFIC CONTROL SIGNAL                            ,T-INTERSECTION                                    ,"ONE-WAY, NOT DIVIDED                              ","SIDESWIPE, OPPOSITE DIRECTION                     ",COLLISION WITH PEDALCYCLE                         ,ROADWAY                                           ,25 ,N,0,0,1,0,1,0,0,1,0,1,0,IN ROADWAY                                        ,ENTERING OR CROSSING SPECIFIED LOCATION           ,UNDER THE INFLUENCE OF MEDICATIONS/DRUGS/ALCOHOL  ,N,42.3963,-71.1228,6,250173509003008
23025500,2023-05-10 08:11:00,Day Shift (8AM - 4PM),"1 DAVIS SQ Somerville, MA",DAYLIGHT                                          ,CLEAR                                             ,DRY                                               ,NONE                                              ,TRAFFIC CONTROL SIGNAL                            ,T-INTERSECTION                                    ,"ONE-WAY, NOT DIVIDED                              ",REAR-END                                          ,COLLISION WITH MOTOR VEHICLE IN TRAFFIC           ,ROADWAY                                           ,25 ,N,0,0,0,0,2,0,0,0,0,0,0,,,,N,42.3963,-71.1228,6,250173509003008
21053100,2021-10-08 22:38:00,First Half (4PM - Midnight),"1 DAVIS SQ Somerville, MA",DARK - LIGHTED ROADWAY                            ,CLEAR                                             ,DRY                                               ,NONE                                              ,NO CONTROLS                                       ,Y-INTERSECTION                                    ,"ONE-WAY, NOT DIVIDED                              ",HEAD ON                                           ,COLLISION WITH MOTOR VEHICLE IN TRAFFIC           ,ROADWAY                                           ,25 ,N,0,0,0,0,2,0,0,0,0,0,0,,,,N,42.3963,-71.1228,6,250173509003008
25020540,2025-04-15 15:39:00,Day Shift (8AM - 4PM),"39 DAY ST Somerville, MA",DAYLIGHT                                          ,CLEAR                                             ,DRY                                               ,NONE                                              ,NO CONTROLS                                       ,NOT AT INTERSECTION                               ,"ONE-WAY, NOT DIVIDED                              ","SIDESWIPE, SAME DIRECTION                         ",COLLISION WITH PARKED MOTOR VEHICLE               ,ROADWAY                                           ,20 ,N,0,0,0,0,2,0,0,0,0,0,0,,,,N,42.3956,-71.1239,6,250173509003008
24073916,2024-11-25 10:45:00,Day Shift (8AM - 4PM),"45 DAY ST Somerville, MA",DAYLIGHT                                          ,CLEAR                                             ,DRY                                               ,NONE                                              ,NO CONTROLS                                       ,NOT AT INTERSECTION                               ,"ONE-WAY, NOT DIVIDED                              ","SIDESWIPE, SAME DIRECTION                         ",COLLISION WITH PARKED MOTOR VEHICLE               ,ROADWAY                                           ,20 ,N,0,0,0,0,3,0,0,0,0,0,0,,,,N,42.3958,-71.1238,6,250173509003008
20019607,2020-04-14 10:53:00,Day Shift (8AM - 4PM),"1 DAVIS SQ Somerville, MA",DAYLIGHT                                          ,CLEAR                                             ,DRY                                               ,NONE                                              ,YIELD SIGNS                                       ,FIVE-POINT OR MORE                                ,"TWO-WAY, NOT DIVIDED                              ",ANGLE                                             ,COLLISION WITH MOTOR VEHICLE IN TRAFFIC           ,ROADWAY                                           ,25 ,N,0,0,1,0,1,0,0,0,0,0,0,,,,N,42.3963,-71.1228,6,250173509003008
19052742,2019-09-13 15:44:00,Day Shift (8AM - 4PM),"1 DAVIS SQ Somerville, MA",DAYLIGHT                                          ,CLEAR                                             ,DRY                                               ,NONE                                              ,TRAFFIC CONTROL SIGNAL                            ,FOUR WAY INTERSECTION                             ,"TWO-WAY, NOT DIVIDED                              ",HEAD ON                                           ,COLLISION WITH MOTOR VEHICLE IN TRAFFIC           ,ROADWAY                                           ,20 ,N,0,0,0,0,3,0,0,0,0,0,0,,,,N,42.3963,-71.1228,6,250173509003008
22056817,2022-10-04 21:33:00,First Half (4PM - Midnight),"1 DAVIS SQ Somerville, MA",DARK - LIGHTED ROADWAY                            ,RAIN                                              ,WET                                               ,NONE                                              ,TRAFFIC CONTROL SIGNAL                            ,Y-INTERSECTION                                    ,"ONE-WAY, NOT DIVIDED                              ",ANGLE                                             ,COLLISION WITH MOTOR VEHICLE IN TRAFFIC           ,ROADWAY                                           ,25 ,N,0,0,0,1,1,0,0,0,0,0,0,,,,N,42.3963,-71.1228,6,250173509003008
19053100,2019-09-15 14:47:00,Day Shift (8AM - 4PM),"1 DAVIS SQ Somerville, MA",DAYLIGHT                                          ,CLEAR                                             ,DRY                                               ,NONE                                              ,NO CONTROLS                                       ,NOT AT INTERSECTION                               ,"ONE-WAY, NOT DIVIDED                              ","SIDESWIPE, SAME DIRECTION                         ",COLLISION WITH MOTOR VEHICLE IN TRAFFIC           ,ROADWAY                                           ,20 ,N,0,0,0,0,2,1,0,0,0,0,0,,,,N,42.3963,-71.1228,6,250173509003008
22046920,2022-08-22 09:44:00,Day Shift (8AM - 4PM),"145 ORCHARD ST Somerville, MA",DAYLIGHT                                          ,CLOUDY                                            ,DRY                                               ,NONE                                              ,STOP SIGNS                                        ,NOT AT INTERSECTION                               ,"ONE-WAY, NOT DIVIDED                              ","SIDESWIPE, SAME DIRECTION                         ",COLLISION WITH PARKED MOTOR VEHICLE               ,ROADWAY                                           ,20 ,N,0,0,0,0,3,0,0,0,0,0,0,,,,N,42.3954,-71.1252,6,250173509003008
22012553,2022-03-10 07:46:00,Last Half (Midnight - 8AM),"1 DAVIS SQ Somerville, MA",DAYLIGHT                                          ,CLOUDY                                            ,WET                                               ,NONE                                              ,TRAFFIC CONTROL SIGNAL                            ,T-INTERSECTION                                    ,"TWO-WAY, NOT DIVIDED                              ",ANGLE                                             ,COLLISION WITH MOTOR VEHICLE IN TRAFFIC           ,ROADWAY                                           ,25 ,N,0,0,0,1,3,0,0,0,0,0,0,,,,N,42.3963,-71.1228,6,250173509003008
21012664,2021-03-11 20:16:00,First Half (4PM - Midnight),"1 DAVIS SQ Somerville, MA",DARK - LIGHTED ROADWAY                            ,CLEAR                                             ,DRY                                               ,NONE                                              ,TRAFFIC CONTROL SIGNAL                            ,FOUR WAY INTERSECTION                             ,"TWO-WAY, NOT DIVIDED                              ","SIDESWIPE, OPPOSITE DIRECTION                     ",COLLISION WITH MOTOR VEHICLE IN TRAFFIC           ,ROADWAY                                           ,25 ,N,0,0,0,0,2,0,0,0,0,0,0,,,,N,42.3963,-71.1228,6,250173509003008
24027402,2024-05-13 00:37:00,Last Half (Midnight - 8AM),"274 ELM ST Somerville, MA",DARK - LIGHTED ROADWAY                            ,CLEAR                                             ,DRY                                               ,NONE                                              ,NO CONTROLS                                       ,NOT AT INTERSECTION                               ,"ONE-WAY, NOT DIVIDED                              ",SINGLE VEHICLE CRASH                              ,COLLISION WITH TREE                               ,ROADSIDE                                          ,25 ,N,0,0,0,0,4,0,0,0,0,0,0,,,,N,42.396,-71.1225,6,250173509003009
20062396,2020-12-27 09:56:00,Day Shift (8AM - 4PM),"55 CHESTER STREET Somerville, MA",DAYLIGHT                                          ,CLEAR                                             ,DRY                                               ,OBSTRUCTION IN ROADWAY                            ,NO CONTROLS                                       ,NOT AT INTERSECTION                               ,"ONE-WAY, NOT DIVIDED                              ",SINGLE VEHICLE CRASH                              ,COLLISION WITH OTHER MOVABLE OBJECT               ,SHOULDER - PAVED                                  ,25 ,N,0,0,0,0,2,0,0,0,0,0,0,,,,N,42.3952,-71.1224,6,250173509003009
20058746,2020-12-04 10:54:00,Day Shift (8AM - 4PM),"HERBERT ST & DAY ST Somerville, MA",DAYLIGHT                                          ,CLOUDY                                            ,OTHER                                             ,WORK ZONE                                         ,NO CONTROLS                                       ,DRIVEWAY                                          ,"ONE-WAY, NOT DIVIDED                              ",ANGLE                                             ,COLLISION WITH WORK ZONE MAINTENANCE EQUIPMENT    ,OUTSIDE ROADWAY                                   ,20 ,Y,0,0,0,0,1,0,0,0,0,0,0,,,,N,42.3958,-71.1231,6,250173509003009
19072964,2019-12-27 09:59:00,Day Shift (8AM - 4PM),"53 CHESTER ST Somerville, MA",DAYLIGHT                                          ,CLOUDY                                            ,WET                                               ,NONE                                              ,NO CONTROLS                                       ,NOT AT INTERSECTION                               ,"ONE-WAY, NOT DIVIDED                              ",SINGLE VEHICLE CRASH                              ,COLLISION WITH UNKNOWN FIXED OBJECT               ,OUTSIDE ROADWAY                                   ,25 ,N,0,0,0,0,2,0,0,0,0,0,0,,,,N,42.3951,-71.1225,6,250173509003009