Crash Number,Date and Time of Crash,Police Shift,Crash Location,Light Conditions,Weather Conditions,Road Surface,Road Contributing Circumstances,Traffic Control Device Type,Roadway Intersection Type,Trafficway Description,Manner of Collision,First Harmful Event,First Harmful Event Location,Speed Limit,Work Zone,Count Fatal Injury ,Count Suspected Serious Injury,Count Suspected Minor Injury ,Count Possible Injury,Count No Apparent Injury,Count Unknown Injury,Count Not Reported Injury,Total Non-Motorists,Pedestrian Involvement (Non-Motorist),Cyclist Involvement (Non-Motorist),Other Non-Motorist Involvement,Non-Motorist Location ,Non-Motorist Action,Non-Motorist Condition,Hit and Run Flag,Latitude,Longitude,Ward,Block Code 
22029228,2022-05-25 15:23:00,Day Shift (8AM - 4PM),"318 WASHINGTON ST Somerville, MA",DAYLIGHT                                          ,CLEAR                                             ,DRY                                               ,NONE                                              ,NO CONTROLS                                       ,NOT AT INTERSECTION                               ,"TWO-WAY, NOT DIVIDED                              ",ANGLE                                             ,COLLISION WITH PARKED MOTOR VEHICLE               ,ROADWAY                                           ,25 ,N,0,0,1,0,2,0,0,1,0,1,0,SHARED-USE PATH OR TRAILS                         ,"WALKING, RUNNING OR CYCLING                       ",APPARENTLY NORMAL                                 ,N,42.3793,-71.1009,2,250173512032001
20038983,2020-08-11 10:24:00,Day Shift (8AM - 4PM),"48 LINCOLN PKWY Somerville, MA",DAYLIGHT                                          ,CLEAR                                             ,DRY                                               ,NONE                                              ,NO CONTROLS                                       ,NOT AT INTERSECTION                               ,"TWO-WAY, NOT DIVIDED                              ","SIDESWIPE, SAME DIRECTION                         ",COLLISION WITH PARKED MOTOR VEHICLE               ,ROADSIDE                                          ,20 ,N,0,0,0,0,3,0,0,0,0,0,0,,,,N,42.3777,-71.1,2,250173512032001
19067371,2019-11-26 00:38:00,Last Half (Midnight - 8AM),"290 WASHINGTON ST Somerville, MA",DARK - LIGHTED ROADWAY                            ,CLEAR                                             ,DRY                                               ,NONE                                              ,TRAFFIC CONTROL SIGNAL                            ,T-INTERSECTION                                    ,"TWO-WAY, NOT DIVIDED                              ","SIDESWIPE, SAME DIRECTION                         ",COLLISION WITH LIGHT POLE OR OTHER POST/SUPPORT   ,ROADSIDE                                          ,10 ,N,0,0,0,0,2,0,0,0,0,0,0,,,,N,42.379,-71.0987,2,250173512032001
25001936,2025-01-11 16:04:00,First Half (4PM - Midnight),"14 CLARK ST Somerville, MA",DAYLIGHT                                          ,SNOW                                              ,SNOW                                              ,NONE                                              ,NO CONTROLS                                       ,NOT AT INTERSECTION                               ,"ONE-WAY, NOT DIVIDED                              ","SIDESWIPE, SAME DIRECTION                         ",COLLISION WITH PARKED MOTOR VEHICLE               ,ROADSIDE                                          ,20 ,N,0,0,0,0,3,0,0,0,0,0,0,,,,N,42.3778,-71.0971,2,250173512032003
20002429,2020-01-15 07:01:00,Last Half (Midnight - 8AM),"NEWTON ST & JOSEPH ST Somerville, MA",DAYLIGHT                                          ,CLEAR                                             ,DRY                                               ,NONE                                              ,NO CONTROLS                                       ,T-INTERSECTION                                    ,"TWO-WAY, NOT DIVIDED                              ","SIDESWIPE, SAME DIRECTION                         ",COLLISION WITH MOTOR VEHICLE IN TRAFFIC           ,ROADWAY                                           ,25 ,N,0,0,0,0,4,0,0,0,0,0,0,,,,N,42.3772,-71.0971,2,250173512032003
18055243,2018-09-15 11:28:00,Day Shift (8AM - 4PM),"26 CLARK ST Somerville, MA",DAYLIGHT                                          ,CLOUDY                                            ,DRY                                               ,NONE                                              ,NO CONTROLS                                       ,NOT AT INTERSECTION                               ,"ONE-WAY, NOT DIVIDED                              ","SIDESWIPE, SAME DIRECTION                         ",COLLISION WITH MOTOR VEHICLE IN TRAFFIC           ,ROADWAY                                           ,,,0,0,0,0,0,0,0,0,0,0,0,,,,N,42.378,-71.0975,2,250173512032003
21008797,2021-02-19 10:38:00,Day Shift (8AM - 4PM),"45 CONCORD AV Somerville, MA",DAYLIGHT                                          ,SNOW                                              ,WET                                               ,NONE                                              ,STOP SIGNS                                        ,T-INTERSECTION                                    ,"ONE-WAY, NOT DIVIDED                              ",REAR TO REAR                                      ,COLLISION WITH MOTOR VEHICLE IN TRAFFIC           ,ROADWAY                                           ,25 ,N,0,0,0,0,3,0,0,0,0,0,0,,,,N,42.3771,-71.0982,2,250173512032005
21010982,2021-03-03 14:39:00,Day Shift (8AM - 4PM),"CONCORD AV & SPRINGFIELD ST Somerville, MA",DAYLIGHT                                          ,CLEAR                                             ,DRY                                               ,NONE                                              ,NO CONTROLS                                       ,FOUR WAY INTERSECTION                             ,"TWO-WAY, DIVIDED, UNPROTECTED MEDIAN              ",SINGLE VEHICLE CRASH                              ,COLLISION WITH LIGHT POLE OR OTHER POST/SUPPORT   ,UNKNOWN                                           ,20 ,N,0,0,0,0,3,0,0,0,0,0,0,,,,N,42.3765,-71.0995,2,250173512032005
20061809,2020-12-22 20:57:00,First Half (4PM - Midnight),"36 ADRIAN ST Somerville, MA",DARK - LIGHTED ROADWAY                            ,CLOUDY                                            ,SNOW                                              ,OTHER                                             ,NO CONTROLS                                       ,NOT AT INTERSECTION                               ,"ONE-WAY, NOT DIVIDED                              ","SIDESWIPE, SAME DIRECTION                         ",COLLISION WITH PARKED MOTOR VEHICLE               ,ROADWAY                                           ,15 ,N,0,0,0,0,2,0,0,0,0,0,0,,,,N,42.3771,-71.0994,2,250173512032005
18064783,2018-11-01 08:44:00,Day Shift (8AM - 4PM),"47 WEBSTER AV Somerville, MA",DAYLIGHT                                          ,RAIN                                              ,WET                                               ,NONE                                              ,TRAFFIC CONTROL SIGNAL                            ,FOUR WAY INTERSECTION                             ,"TWO-WAY, NOT DIVIDED                              ","SIDESWIPE, OPPOSITE DIRECTION                     ",COLLISION WITH MOTOR VEHICLE IN TRAFFIC           ,ROADWAY                                           ,25 ,N,0,0,0,3,4,0,0,0,0,0,0,,,,N,42.3771,-71.0959,2,250173512032006
25017062,2025-03-30 02:47:00,Last Half (Midnight - 8AM),"45 WEBSTER AV Somerville, MA",DARK - LIGHTED ROADWAY                            ,RAIN                                              ,WET                                               ,UNKNOWN                                           ,NO CONTROLS                                       ,NOT AT INTERSECTION                               ,"TWO-WAY, DIVIDED, UNPROTECTED MEDIAN              ",SINGLE VEHICLE CRASH                              ,COLLISION WITH GUARDRAIL                          ,ROADWAY                                           ,25 ,N,0,0,0,0,0,1,0,0,0,0,0,,,,N,42.3773,-71.0959,2,250173512032006
22008784,2022-02-20 14:25:00,Day Shift (8AM - 4PM),"WYATT ST & CONCORD AVE Somerville, MA",DAYLIGHT                                          ,CLEAR                                             ,DRY                                               ,NONE                                              ,STOP SIGNS                                        ,T-INTERSECTION                                    ,"TWO-WAY, NOT DIVIDED                              ",ANGLE                                             ,COLLISION WITH MOTOR VEHICLE IN TRAFFIC           ,ROADWAY                                           ,25 ,N,0,0,0,0,4,0,0,0,0,0,0,,,,N,42.3761,-71.1011,2,250173512032007
22073315,2022-12-31 19:40:00,First Half (4PM - Midnight),"79 PROSPECT STREET Somerville, MA",DARK - LIGHTED ROADWAY                            ,RAIN                                              ,WET                                               ,ROAD SURFACE CONDITION                            ,NO CONTROLS                                       ,NOT AT INTERSECTION                               ,"TWO-WAY, DIVIDED, UNPROTECTED MEDIAN              ",REAR-END                                          ,COLLISION WITH MOTOR VEHICLE IN TRAFFIC           ,ROADWAY                                           ,25 ,N,0,0,0,0,3,0,0,0,0,0,0,,,,N,42.3763,-71.0964,2,250173512033000
24071558,2024-11-14 20:08:00,First Half (4PM - Midnight),"75 PROSPECT ST Somerville, MA",DUSK                                              ,CLEAR                                             ,DRY                                               ,UNKNOWN                                           ,NO CONTROLS                                       ,NOT AT INTERSECTION                               ,"TWO-WAY, NOT DIVIDED                              ",REAR-END                                          ,COLLISION WITH MOTOR VEHICLE IN TRAFFIC           ,ROADWAY                                           ,25 ,N,0,0,0,0,2,0,0,0,0,0,0,,,,N,42.3764,-71.0962,2,250173512033000
18063625,2018-10-26 19:37:00,First Half (4PM - Midnight),"CONCORD AV & PROSPECT ST Somerville, MA",DARK - LIGHTED ROADWAY                            ,CLEAR                                             ,DRY                                               ,NONE                                              ,TRAFFIC CONTROL SIGNAL                            ,FOUR WAY INTERSECTION                             ,"TWO-WAY, DIVIDED, UNPROTECTED MEDIAN              ",SINGLE VEHICLE CRASH                              ,COLLISION WITH PEDALCYCLE                         ,ROADWAY                                           ,25 ,N,0,0,0,0,2,0,0,1,0,1,0,,ENTERING OR CROSSING SPECIFIED LOCATION           ,,N,42.3769,-71.0957,2,250173512033000
22006119,2022-02-07 15:35:00,Day Shift (8AM - 4PM),"OAK ST & PROSPECT ST Somerville, MA",DAYLIGHT                                          ,CLOUDY                                            ,DRY                                               ,NONE                                              ,NO CONTROLS                                       ,T-INTERSECTION                                    ,"TWO-WAY, DIVIDED, UNPROTECTED MEDIAN              ",ANGLE                                             ,COLLISION WITH MOTOR VEHICLE IN TRAFFIC           ,ROADWAY                                           ,25 ,N,0,0,0,0,2,0,0,0,0,0,0,,,,N,42.3761,-71.0962,2,250173512033000
20055928,2020-11-17 22:55:00,First Half (4PM - Midnight),"51 SPRINGFIELD ST Somerville, MA",DARK - LIGHTED ROADWAY                            ,CLEAR                                             ,DRY                                               ,NONE                                              ,NO CONTROLS                                       ,NOT AT INTERSECTION                               ,"TWO-WAY, NOT DIVIDED                              ","SIDESWIPE, OPPOSITE DIRECTION                     ",COLLISION WITH PARKED MOTOR VEHICLE               ,UNKNOWN                                           ,25 ,N,0,0,0,0,3,0,0,0,0,0,0,,,,N,42.3757,-71.0996,2,250173512033001
18076607,2018-12-31 10:39:00,Day Shift (8AM - 4PM),"37 OAK ST Somerville, MA",DAYLIGHT                                          ,CLEAR                                             ,DRY                                               ,NONE                                              ,NO CONTROLS                                       ,NOT AT INTERSECTION                               ,"ONE-WAY, NOT DIVIDED                              ","SIDESWIPE, SAME DIRECTION                         ",COLLISION WITH PARKED MOTOR VEHICLE               ,ROADWAY                                           ,20 ,N,0,0,0,1,2,0,0,0,0,0,0,,,,N,42.376,-71.0986,2,250173512033001
22065470,2022-11-15 15:42:00,Day Shift (8AM - 4PM),"CONCORD AV & LEON ST Somerville, MA",DAYLIGHT                                          ,CLEAR                                             ,DRY                                               ,NONE                                              ,STOP SIGNS                                        ,T-INTERSECTION                                    ,"TWO-WAY, DIVIDED, UNPROTECTED MEDIAN              ",SINGLE VEHICLE CRASH                              ,COLLISION WITH PEDALCYCLE                         ,ROADWAY                                           ,25 ,N,0,0,0,0,5,0,0,3,0,3,0,IN ROADWAY                                        ,"WALKING, RUNNING OR CYCLING                       ",APPARENTLY NORMAL                                 ,N,42.376,-71.1012,2,250173512033004
25012968,2025-03-09 11:02:00,Day Shift (8AM - 4PM),"3 BEACON ST Somerville, MA",DAYLIGHT                                          ,CLEAR                                             ,DRY                                               ,NONE                                              ,NO CONTROLS                                       ,NOT AT INTERSECTION                               ,"TWO-WAY, NOT DIVIDED                              ","SIDESWIPE, SAME DIRECTION                         ",COLLISION WITH PEDALCYCLE                         ,ROADWAY                                           ,20 ,N,0,0,1,0,1,1,0,1,0,1,0,SEPARATED BIKE LANES                              ,"WALKING, RUNNING OR CYCLING                       ",APPARENTLY NORMAL                                 ,N,42.3745,-71.1015,2,250173512033005
22025617,2022-05-10 07:00:00,Last Half (Midnight - 8AM),"15 BEACON ST Somerville, MA",DAYLIGHT                                          ,CLEAR                                             ,DRY                                               ,NONE                                              ,NO CONTROLS                                       ,NOT AT INTERSECTION                               ,"TWO-WAY, NOT DIVIDED                              ",REAR-END                                          ,COLLISION WITH PARKED MOTOR VEHICLE               ,ROADSIDE                                          ,25 ,N,0,0,0,1,2,0,0,0,0,0,0,,,,N,42.375,-71.102,2,250173512033005
19027352,2019-05-18 14:49:00,Day Shift (8AM - 4PM),"11 BEACON ST Somerville, MA",DAYLIGHT                                          ,CLEAR                                             ,DRY                                               ,NONE                                              ,NO CONTROLS                                       ,NOT AT INTERSECTION                               ,"TWO-WAY, NOT DIVIDED                              ","SIDESWIPE, SAME DIRECTION                         ",COLLISION WITH PARKED MOTOR VEHICLE               ,ROADWAY                                           ,25 ,N,0,0,1,0,3,0,0,1,0,1,0,IN ROADWAY                                        ,"WALKING, RUNNING OR CYCLING                       ",APPARENTLY NORMAL                                 ,N,42.3748,-71.1018,2,250173512033005
18056557,2018-09-21 17:41:00,First Half (4PM - Midnight),"BEACON ST & CONCORD AV Somerville, MA",DAYLIGHT                                          ,CLEAR                                             ,DRY                                               ,NONE                                              ,NO CONTROLS                                       ,FOUR WAY INTERSECTION                             ,"TWO-WAY, DIVIDED, UNPROTECTED MEDIAN              ",HEAD ON                                           ,COLLISION WITH MOTOR VEHICLE IN TRAFFIC           ,ROADWAY                                           ,,N,0,0,0,0,2,0,0,0,0,0,0,,,,N,42.3751,-71.1025,2,250173512033005
19071224,2019-12-16 16:56:00,First Half (4PM - Midnight),"99 PROSPECT ST Somerville, MA",DARK - LIGHTED ROADWAY                            ,CLOUDY                                            ,DRY                                               ,NONE                                              ,NO CONTROLS                                       ,NOT AT INTERSECTION                               ,"TWO-WAY, NOT DIVIDED                              ",REAR-END                                          ,COLLISION WITH MOTOR VEHICLE IN TRAFFIC           ,ROADWAY                                           ,25 ,N,0,0,0,1,2,0,0,0,0,0,0,,,,N,42.3755,-71.0969,2,250173512033007
19027300,2019-05-18 09:25:00,Day Shift (8AM - 4PM),"DIMICK ST & WALDO AV Somerville, MA",DAYLIGHT                                          ,CLEAR                                             ,DRY                                               ,NONE                                              ,NO CONTROLS                                       ,FOUR WAY INTERSECTION                             ,"TWO-WAY, NOT DIVIDED                              ","SIDESWIPE, SAME DIRECTION                         ",COLLISION WITH PARKED MOTOR VEHICLE               ,ROADWAY                                           ,25 ,N,0,0,0,0,2,0,0,0,0,0,0,,,,N,42.3772,-71.1035,2,250173512034002
23001811,2023-01-11 16:47:00,First Half (4PM - Midnight),"BEACON ST & WALDO AV Somerville, MA",DARK - LIGHTED ROADWAY                            ,CLEAR                                             ,DRY                                               ,NONE                                              ,NO CONTROLS                                       ,T-INTERSECTION                                    ,"TWO-WAY, DIVIDED, UNPROTECTED MEDIAN              ",SINGLE VEHICLE CRASH                              ,COLLISION WITH PEDESTRIAN                         ,ROADWAY                                           ,25 ,N,0,0,1,0,1,0,0,1,0,0,1,IN ROADWAY                                        ,OTHER                                             ,APPARENTLY NORMAL                                 ,N,42.3766,-71.1044,2,250173512034003
23005801,2023-02-02 17:30:00,First Half (4PM - Midnight),"BEACON ST & WALDO AV Somerville, MA",DARK - LIGHTED ROADWAY                            ,CLEAR                                             ,DRY                                               ,NONE                                              ,NO CONTROLS                                       ,NOT AT INTERSECTION                               ,"TWO-WAY, DIVIDED, UNPROTECTED MEDIAN              ",ANGLE                                             ,COLLISION WITH PEDALCYCLE                         ,ROADWAY                                           ,25 ,N,0,0,1,0,2,0,0,1,0,1,0,IN ROADWAY                                        ,"WALKING, RUNNING OR CYCLING                       ",APPARENTLY NORMAL                                 ,N,42.3766,-71.1044,2,250173512034003
20002333,2020-01-14 17:21:00,First Half (4PM - Midnight),"BEACON ST & WALDO AV Somerville, MA",DARK - LIGHTED ROADWAY                            ,CLOUDY                                            ,DRY                                               ,NONE                                              ,NO CONTROLS                                       ,T-INTERSECTION                                    ,"TWO-WAY, NOT DIVIDED                              ",ANGLE                                             ,COLLISION WITH PEDALCYCLE                         ,ROADWAY                                           ,25 ,N,0,0,1,0,1,0,0,1,0,1,0,IN ROADWAY                                        ,"WALKING, RUNNING OR CYCLING                       ",APPARENTLY NORMAL                                 ,N,42.3766,-71.1044,2,250173512034003
23063326,2023-11-01 11:59:00,Day Shift (8AM - 4PM),"65 BEACON ST Somerville, MA",DAYLIGHT                                          ,CLOUDY                                            ,DRY                                               ,NONE                                              ,NO CONTROLS                                       ,NOT AT INTERSECTION                               ,"TWO-WAY, NOT DIVIDED                              ",REAR-END                                          ,COLLISION WITH PARKED MOTOR VEHICLE               ,ROADSIDE                                          ,25 ,N,0,0,0,1,2,0,0,0,0,0,0,,,,N,42.3764,-71.1037,2,250173512034003
21031750,2021-06-23 18:48:00,First Half (4PM - Midnight),"BEACON ST & CALVIN ST Somerville, MA",DAYLIGHT                                          ,CLEAR                                             ,DRY                                               ,NONE                                              ,STOP SIGNS                                        ,T-INTERSECTION                                    ,"TWO-WAY, NOT DIVIDED                              ",ANGLE                                             ,COLLISION WITH PEDALCYCLE                         ,ROADWAY                                           ,25 ,N,0,0,1,0,1,0,0,1,0,1,0,IN ROADWAY                                        ,"WALKING, RUNNING OR CYCLING                       ",APPARENTLY NORMAL                                 ,N,42.3771,-71.1049,2,250173512034004
19014594,2019-03-16 14:40:00,Day Shift (8AM - 4PM),"68 DIMICK STREET Somerville, MA",DAYLIGHT                                          ,CLEAR                                             ,DRY                                               ,NONE                                              ,NO CONTROLS                                       ,NOT AT INTERSECTION                               ,"ONE-WAY, NOT DIVIDED                              ","SIDESWIPE, SAME DIRECTION                         ",COLLISION WITH PARKED MOTOR VEHICLE               ,ROADWAY                                           ,25 ,N,0,0,0,0,6,0,0,0,0,0,0,,,,N,42.3773,-71.104,2,250173512034004
19013902,2019-03-13 21:06:00,First Half (4PM - Midnight),"BEACON ST & CALVIN ST Somerville, MA",DARK - LIGHTED ROADWAY                            ,CLEAR                                             ,DRY                                               ,NONE                                              ,STOP SIGNS                                        ,T-INTERSECTION                                    ,"TWO-WAY, NOT DIVIDED                              ",ANGLE                                             ,COLLISION WITH PEDALCYCLE                         ,ROADWAY                                           ,30 ,N,0,0,0,1,3,0,0,1,0,1,0,IN ROADWAY                                        ,"WALKING, RUNNING OR CYCLING                       ",UNKNOWN                                           ,N,42.3771,-71.1049,2,250173512034004
21055896,2021-10-23 23:12:00,First Half (4PM - Midnight),"BEACON ST & CALVIN ST Somerville, MA",DARK - LIGHTED ROADWAY                            ,CLEAR                                             ,DRY                                               ,NONE                                              ,STOP SIGNS                                        ,T-INTERSECTION                                    ,"TWO-WAY, DIVIDED, UNPROTECTED MEDIAN              ",ANGLE                                             ,COLLISION WITH MOTOR VEHICLE IN TRAFFIC           ,ROADWAY                                           ,25 ,N,0,0,2,0,0,2,0,0,0,0,0,,,,N,42.3771,-71.1049,2,250173512034004
24000004,2024-05-31 11:10:00,Day Shift (8AM - 4PM),"BEACON ST & CALVIN ST Somerville, MA",DAYLIGHT                                          ,CLEAR                                             ,DRY                                               ,NONE                                              ,STOP SIGNS                                        ,T-INTERSECTION                                    ,"TWO-WAY, NOT DIVIDED                              ",ANGLE                                             ,COLLISION WITH MOTOR VEHICLE IN TRAFFIC           ,ROADWAY                                           ,25 ,N,0,0,0,1,2,0,0,0,0,0,0,,,,N,42.3771,-71.1049,2,250173512034004
24062490,2024-10-07 11:51:00,Day Shift (8AM - 4PM),"LINE ST & SMITH AV Somerville, MA",DAYLIGHT                                          ,RAIN                                              ,WET                                               ,NONE                                              ,STOP SIGNS                                        ,T-INTERSECTION                                    ,"ONE-WAY, NOT DIVIDED                              ",ANGLE                                             ,COLLISION WITH MOTOR VEHICLE IN TRAFFIC           ,ROADWAY                                           ,25 ,N,0,0,0,0,3,0,0,0,0,0,0,,,,N,42.3768,-71.1059,2,250173512034005
19010363,2019-02-25 08:15:00,Day Shift (8AM - 4PM),"70 BEACON ST Somerville, MA",OTHER                                             ,"BLOWING, SAND, SNOW                               ",SNOW                                              ,ROAD SURFACE CONDITION                            ,NO CONTROLS                                       ,NOT AT INTERSECTION                               ,"TWO-WAY, NOT DIVIDED                              ",ANGLE                                             ,OTHER NON-COLLISION                               ,ROADWAY                                           ,25 ,N,0,0,0,1,1,0,0,1,0,1,0,IN ROADWAY                                        ,"WALKING, RUNNING OR CYCLING                       ",APPARENTLY NORMAL                                 ,N,42.3764,-71.1043,2,250173512034005
23004829,2023-01-28 02:26:00,Last Half (Midnight - 8AM),"88 BEACON ST Somerville, MA",DARK - LIGHTED ROADWAY                            ,CLEAR                                             ,DRY                                               ,NONE                                              ,NO CONTROLS                                       ,NOT AT INTERSECTION                               ,"TWO-WAY, NOT DIVIDED                              ",ANGLE                                             ,COLLISION WITH MOTOR VEHICLE IN TRAFFIC           ,ROADWAY                                           ,25 ,N,0,0,0,1,0,1,0,0,0,0,0,,,,N,42.3767,-71.1049,2,250173512034005
18060010,2018-10-08 18:53:00,First Half (4PM - Midnight),"16 BEACON ST Somerville, MA",DUSK                                              ,RAIN                                              ,WET                                               ,NONE                                              ,NO CONTROLS                                       ,NOT AT INTERSECTION                               ,"TWO-WAY, DIVIDED, UNPROTECTED MEDIAN              ",SINGLE VEHICLE CRASH                              ,COLLISION WITH OTHER MOVABLE OBJECT               ,ROADWAY                                           ,20 ,N,0,0,0,1,1,0,0,1,0,1,0,IN ROADWAY                                        ,,,N,42.3748,-71.1026,2,250173512034006
18060712,2018-10-12 07:00:00,Last Half (Midnight - 8AM),"16 BEACON ST Somerville, MA",DAWN                                              ,CLOUDY                                            ,WET                                               ,NONE                                              ,NO CONTROLS                                       ,T-INTERSECTION                                    ,"TWO-WAY, NOT DIVIDED                              ",ANGLE                                             ,COLLISION WITH PEDALCYCLE                         ,ROADWAY                                           ,30 ,N,0,0,0,1,1,0,0,1,0,1,0,IN ROADWAY                                        ,"WALKING, RUNNING OR CYCLING                       ",APPARENTLY NORMAL                                 ,N,42.3748,-71.1026,2,250173512034006
21035603,2021-07-12 07:44:00,Last Half (Midnight - 8AM),"16 BEACON ST Somerville, MA",DAYLIGHT                                          ,RAIN                                              ,WET                                               ,NONE                                              ,NO CONTROLS                                       ,NOT AT INTERSECTION                               ,"TWO-WAY, NOT DIVIDED                              ",ANGLE                                             ,COLLISION WITH MOTOR VEHICLE IN TRAFFIC           ,ROADWAY                                           ,25 ,N,0,0,0,0,3,0,0,0,0,0,0,,,,N,42.3748,-71.1026,2,250173512034006
18043105,2018-07-20 09:01:00,Day Shift (8AM - 4PM),"16 BEACON ST Somerville, MA",DAYLIGHT                                          ,CLEAR                                             ,DRY                                               ,NONE                                              ,UNKNOWN                                           ,NOT AT INTERSECTION                               ,"TWO-WAY, DIVIDED, UNPROTECTED MEDIAN              ","SIDESWIPE, SAME DIRECTION                         ",COLLISION WITH PEDALCYCLE                         ,ROADWAY                                           ,,N,0,0,0,0,1,0,0,1,0,1,0,IN ROADWAY                                        ,"WALKING, RUNNING OR CYCLING                       ",APPARENTLY NORMAL                                 ,N,42.3748,-71.1026,2,250173512034006
20012072,2020-03-02 12:02:00,Day Shift (8AM - 4PM),"16 BEACON ST Somerville, MA",DAYLIGHT                                          ,CLOUDY                                            ,DRY                                               ,NONE                                              ,NO CONTROLS                                       ,NOT AT INTERSECTION                               ,"TWO-WAY, NOT DIVIDED                              ",ANGLE                                             ,COLLISION WITH MOTOR VEHICLE IN TRAFFIC           ,ROADWAY                                           ,25 ,N,0,0,0,0,2,0,0,0,0,0,0,,,,N,42.3748,-71.1026,2,250173512034006
23027455,2023-05-18 17:39:00,First Half (4PM - Midnight),"16 BEACON ST Somerville, MA",DAYLIGHT                                          ,CLEAR                                             ,DRY                                               ,NONE                                              ,NO CONTROLS                                       ,NOT AT INTERSECTION                               ,"TWO-WAY, NOT DIVIDED                              ","SIDESWIPE, SAME DIRECTION                         ",COLLISION WITH OTHER MOVABLE OBJECT               ,ROADWAY                                           ,25 ,N,0,0,1,0,1,0,0,1,0,1,0,SHARED-USE PATH OR TRAILS                         ,"WALKING, RUNNING OR CYCLING                       ",APPARENTLY NORMAL                                 ,N,42.3748,-71.1026,2,250173512034006
22024094,2022-05-03 14:49:00,Day Shift (8AM - 4PM),"16 BEACON ST Somerville, MA",DAYLIGHT                                          ,CLEAR                                             ,DRY                                               ,NONE                                              ,NO CONTROLS                                       ,DRIVEWAY                                          ,"TWO-WAY, NOT DIVIDED                              ",SINGLE VEHICLE CRASH                              ,COLLISION WITH EMBANKMENT                         ,OUTSIDE ROADWAY                                   ,25 ,N,0,0,0,1,0,0,0,0,0,0,0,,,,N,42.3748,-71.1026,2,250173512034006
20052144,2020-10-27 12:36:00,Day Shift (8AM - 4PM),"16 BEACON ST Somerville, MA",DAYLIGHT                                          ,CLOUDY                                            ,DRY                                               ,NONE                                              ,NO CONTROLS                                       ,NOT AT INTERSECTION                               ,"TWO-WAY, NOT DIVIDED                              ",ANGLE                                             ,COLLISION WITH PEDALCYCLE                         ,ROADWAY                                           ,25 ,N,0,0,0,1,1,0,0,1,0,1,0,IN ROADWAY                                        ,"WALKING, RUNNING OR CYCLING                       ",APPARENTLY NORMAL                                 ,N,42.3748,-71.1026,2,250173512034006
19022985,2019-04-26 20:10:00,First Half (4PM - Midnight),"45 BEACON ST Somerville, MA",DARK - LIGHTED ROADWAY                            ,RAIN                                              ,WET                                               ,NONE                                              ,NO CONTROLS                                       ,NOT AT INTERSECTION                               ,"TWO-WAY, NOT DIVIDED                              ",ANGLE                                             ,COLLISION WITH PEDALCYCLE                         ,ROADWAY                                           ,25 ,N,0,0,0,1,2,0,0,1,0,1,0,IN ROADWAY                                        ,"WALKING, RUNNING OR CYCLING                       ",APPARENTLY NORMAL                                 ,N,42.376,-71.1029,2,250173512034007
23061082,2023-10-21 22:55:00,First Half (4PM - Midnight),"45 BEACON ST Somerville, MA",DARK - LIGHTED ROADWAY                            ,RAIN                                              ,WET                                               ,NONE                                              ,NO CONTROLS                                       ,NOT AT INTERSECTION                               ,"TWO-WAY, NOT DIVIDED                              ",SINGLE VEHICLE CRASH                              ,COLLISION WITH MOTOR VEHICLE IN TRAFFIC           ,ROADWAY                                           ,20 ,N,0,0,0,0,3,0,0,0,0,0,0,,,,N,42.376,-71.1029,2,250173512034007
24059936,2024-09-27 13:13:00,Day Shift (8AM - 4PM),"45 BEACON ST Somerville, MA",DAYLIGHT                                          ,CLEAR                                             ,DRY                                               ,NONE                                              ,NO CONTROLS                                       ,NOT AT INTERSECTION                               ,"TWO-WAY, NOT DIVIDED                              ",ANGLE                                             ,OTHER                                             ,ROADWAY                                           ,25 ,N,0,0,0,1,1,0,0,1,0,0,1,ON-STREET BIKE LANES                              ,ENTERING OR CROSSING SPECIFIED LOCATION           ,APPARENTLY NORMAL                                 ,N,42.376,-71.1029,2,250173512034007
24068707,2024-11-02 19:32:00,First Half (4PM - Midnight),"45 BEACON ST Somerville, MA",DARK - LIGHTED ROADWAY                            ,CLEAR                                             ,DRY                                               ,NONE                                              ,NO CONTROLS                                       ,NOT AT INTERSECTION                               ,"TWO-WAY, NOT DIVIDED                              ",HEAD ON                                           ,COLLISION WITH MOPED                              ,ROADWAY                                           ,20 ,N,0,0,1,0,1,0,0,0,0,0,0,,,,N,42.376,-71.1029,2,250173512034007
22033796,2022-06-16 07:10:00,Last Half (Midnight - 8AM),"45 BEACON ST Somerville, MA",DAYLIGHT                                          ,CLEAR                                             ,DRY                                               ,NONE                                              ,NO CONTROLS                                       ,NOT AT INTERSECTION                               ,"TWO-WAY, NOT DIVIDED                              ",REAR-END                                          ,COLLISION WITH MOTOR VEHICLE IN TRAFFIC           ,ROADWAY                                           ,25 ,N,0,0,0,1,1,0,0,0,0,0,0,,,,N,42.376,-71.1029,2,250173512034007
25003547,2025-01-20 13:04:00,Day Shift (8AM - 4PM),"45 BEACON ST Somerville, MA",DAYLIGHT                                          ,CLEAR                                             ,DRY                                               ,NONE                                              ,NO CONTROLS                                       ,T-INTERSECTION                                    ,"TWO-WAY, NOT DIVIDED                              ",HEAD ON                                           ,COLLISION WITH MOTOR VEHICLE IN TRAFFIC           ,ROADWAY                                           ,25 ,N,0,0,0,1,3,0,0,0,0,0,0,,,,N,42.376,-71.1029,2,250173512034007