Crash Number,Date and Time of Crash,Police Shift,Crash Location,Light Conditions,Weather Conditions,Road Surface,Road Contributing Circumstances,Traffic Control Device Type,Roadway Intersection Type,Trafficway Description,Manner of Collision,First Harmful Event,First Harmful Event Location,Speed Limit,Work Zone,Count Fatal Injury ,Count Suspected Serious Injury,Count Suspected Minor Injury ,Count Possible Injury,Count No Apparent Injury,Count Unknown Injury,Count Not Reported Injury,Total Non-Motorists,Pedestrian Involvement (Non-Motorist),Cyclist Involvement (Non-Motorist),Other Non-Motorist Involvement,Non-Motorist Location ,Non-Motorist Action,Non-Motorist Condition,Hit and Run Flag,Latitude,Longitude,Ward,Block Code 
24007872,2024-02-11 16:24:00,First Half (4PM - Midnight),"40 MEDFORD ST Somerville, MA",DAYLIGHT                                          ,CLEAR                                             ,DRY                                               ,NONE                                              ,NO CONTROLS                                       ,NOT AT INTERSECTION                               ,"TWO-WAY, NOT DIVIDED                              ",SINGLE VEHICLE CRASH                              ,COLLISION WITH PEDALCYCLE                         ,ROADWAY                                           ,25 ,N,0,0,1,0,3,0,0,1,0,1,0,IN ROADWAY                                        ,"WALKING, RUNNING OR CYCLING                       ",APPARENTLY NORMAL                                 ,N,42.3746,-71.0885,2,250173515002013
18035928,2018-06-16 12:54:00,Day Shift (8AM - 4PM),"16 MEDFORD ST Somerville, MA",DAYLIGHT                                          ,CLEAR                                             ,DRY                                               ,NONE                                              ,NO CONTROLS                                       ,,"TWO-WAY, DIVIDED, UNPROTECTED MEDIAN              ",ANGLE                                             ,COLLISION WITH PEDALCYCLE                         ,ROADWAY                                           ,,N,0,0,0,0,2,0,0,1,0,1,0,IN ROADWAY                                        ,"WALKING, RUNNING OR CYCLING                       ",APPARENTLY NORMAL                                 ,N,42.3738,-71.088,2,250173515002014
19044386,2019-08-04 01:17:00,Last Half (Midnight - 8AM),"16 MEDFORD ST Somerville, MA",DARK - LIGHTED ROADWAY                            ,CLEAR                                             ,DRY                                               ,NONE                                              ,NO CONTROLS                                       ,NOT AT INTERSECTION                               ,"TWO-WAY, NOT DIVIDED                              ",SINGLE VEHICLE CRASH                              ,COLLISION WITH UTILITY POLE                       ,ROADWAY                                           ,20 ,N,0,0,0,1,1,0,0,0,0,0,0,,,,N,42.3738,-71.088,2,250173515002014
24001212,2024-01-07 15:56:00,Day Shift (8AM - 4PM),"BEDFORD ST & SOUTH ST Somerville, MA",DARK - UNKNOWN ROADWAY LIGHTING                   ,SNOW                                              ,SLUSH                                             ,ROAD SURFACE CONDITION                            ,NO CONTROLS                                       ,T-INTERSECTION                                    ,"TWO-WAY, NOT DIVIDED                              ","SIDESWIPE, OPPOSITE DIRECTION                     ",COLLISION WITH PARKED MOTOR VEHICLE               ,ROADWAY                                           ,25 ,N,0,0,0,0,1,0,0,0,0,0,0,,,,N,42.3741,-71.0885,2,250173515002014
18066654,2018-11-09 14:47:00,Day Shift (8AM - 4PM),"51 WARREN ST Somerville, MA",DAYLIGHT                                          ,CLOUDY                                            ,DRY                                               ,NONE                                              ,NO CONTROLS                                       ,NOT AT INTERSECTION                               ,"ONE-WAY, NOT DIVIDED                              ",UNKNOWN                                           ,COLLISION WITH PARKED MOTOR VEHICLE               ,ROADWAY                                           ,25 ,N,0,0,0,0,3,0,0,0,0,0,0,,,,Y,42.3736,-71.088,2,250173515002014
19057827,2019-10-08 11:10:00,Day Shift (8AM - 4PM),"51 WARREN ST Somerville, MA",DAYLIGHT                                          ,CLOUDY                                            ,OTHER                                             ,NONE                                              ,NO CONTROLS                                       ,NOT AT INTERSECTION                               ,"ONE-WAY, NOT DIVIDED                              ","SIDESWIPE, SAME DIRECTION                         ",COLLISION WITH PARKED MOTOR VEHICLE               ,ROADSIDE                                          ,25 ,N,0,0,0,0,3,0,0,0,0,0,0,,,,N,42.3736,-71.088,2,250173515002014
22055652,2022-09-29 18:47:00,First Half (4PM - Midnight),"8 MEDFORD ST Somerville, MA",DARK - LIGHTED ROADWAY                            ,CLEAR                                             ,DRY                                               ,NONE                                              ,NO CONTROLS                                       ,NOT AT INTERSECTION                               ,"TWO-WAY, NOT DIVIDED                              ",SINGLE VEHICLE CRASH                              ,COLLISION WITH CURB                               ,ROADSIDE                                          ,25 ,N,0,0,1,0,3,0,0,1,1,0,0,SIDEWALK                                          ,"WALKING, RUNNING OR CYCLING                       ",APPARENTLY NORMAL                                 ,N,42.3736,-71.0877,2,250173515002015
21052377,2021-10-05 01:52:00,Last Half (Midnight - 8AM),"178 WASHINGTON ST Somerville, MA",DARK - ROADWAY NOT LIGHTED                        ,RAIN                                              ,WET                                               ,OTHER                                             ,NO CONTROLS                                       ,NOT AT INTERSECTION                               ,"TWO-WAY, DIVIDED, POSITIVE MEDIAN BARRIER         ",SINGLE VEHICLE CRASH                              ,COLLISION WITH MEDIAN BARRIER                     ,MEDIAN                                            ,25 ,N,0,0,0,0,1,0,0,0,0,0,0,,,,N,42.3798,-71.0903,2,250173515003000
18032725,2018-06-01 15:18:00,Day Shift (8AM - 4PM),"254 MCGRATH HWY Somerville, MA",DAYLIGHT                                          ,CLEAR                                             ,DRY                                               ,NONE                                              ,NO CONTROLS                                       ,NOT AT INTERSECTION                               ,"ONE-WAY, NOT DIVIDED                              ",ANGLE                                             ,COLLISION WITH MOTOR VEHICLE IN TRAFFIC           ,ROADWAY                                           ,25 ,N,0,0,0,0,4,0,0,0,0,0,0,,,,N,42.3779,-71.0896,2,250173515003000
20056035,2020-11-18 13:16:00,Day Shift (8AM - 4PM),"182 WASHINGTON ST Somerville, MA",DAYLIGHT                                          ,CLEAR                                             ,DRY                                               ,NONE                                              ,NO CONTROLS                                       ,NOT AT INTERSECTION                               ,UNKNOWN                                           ,REAR-END                                          ,COLLISION WITH MOTOR VEHICLE IN TRAFFIC           ,OUTSIDE ROADWAY                                   ,25 ,N,0,0,0,0,2,0,0,0,0,0,0,,,,N,42.3797,-71.0903,2,250173515003000
24015866,2024-03-21 14:22:00,Day Shift (8AM - 4PM),"182 WASHINGTON ST Somerville, MA",DAYLIGHT                                          ,CLEAR                                             ,DRY                                               ,NONE                                              ,TRAFFIC CONTROL SIGNAL                            ,TRAFFIC CIRCLE                                    ,"TWO-WAY, DIVIDED, POSITIVE MEDIAN BARRIER         ","SIDESWIPE, SAME DIRECTION                         ",COLLISION WITH MOTOR VEHICLE IN TRAFFIC           ,ROADWAY                                           ,25 ,N,0,0,0,0,2,0,0,0,0,0,0,,,,N,42.3797,-71.0903,2,250173515003000
20040728,2020-08-22 21:02:00,First Half (4PM - Midnight),"180 WASHINGTON ST Somerville, MA",DARK - LIGHTED ROADWAY                            ,CLEAR                                             ,DRY                                               ,NONE                                              ,TRAFFIC CONTROL SIGNAL                            ,NOT AT INTERSECTION                               ,"TWO-WAY, DIVIDED, POSITIVE MEDIAN BARRIER         ",SINGLE VEHICLE CRASH                              ,COLLISION WITH UTILITY POLE                       ,OUTSIDE ROADWAY                                   ,25 ,N,0,0,0,0,1,0,0,0,0,0,0,,,,N,42.3798,-71.0903,2,250173515003000
22051780,2022-09-12 21:15:00,First Half (4PM - Midnight),"182 WASHINGTON ST Somerville, MA",DARK - LIGHTED ROADWAY                            ,CLEAR                                             ,DRY                                               ,NONE                                              ,NO CONTROLS                                       ,NOT AT INTERSECTION                               ,"TWO-WAY, NOT DIVIDED                              ",REAR-END                                          ,COLLISION WITH PARKED MOTOR VEHICLE               ,ROADSIDE                                          ,25 ,N,0,0,0,0,2,0,0,0,0,0,0,,,,N,42.3797,-71.0903,2,250173515003000
21021632,2021-05-01 12:19:00,Day Shift (8AM - 4PM),"282 MCGRATH HWY Somerville, MA",DAYLIGHT                                          ,CLEAR                                             ,DRY                                               ,NONE                                              ,NO CONTROLS                                       ,NOT AT INTERSECTION                               ,"ONE-WAY, NOT DIVIDED                              ","SIDESWIPE, SAME DIRECTION                         ",COLLISION WITH MOTOR VEHICLE IN TRAFFIC           ,ROADWAY                                           ,30 ,N,0,0,1,0,1,0,0,0,0,0,0,,,,N,42.3786,-71.0897,2,250173515003000
21041789,2021-08-11 21:58:00,First Half (4PM - Midnight),"182 WASHINGTON ST Somerville, MA",DARK - LIGHTED ROADWAY                            ,CLEAR                                             ,DRY                                               ,NONE                                              ,TRAFFIC CONTROL SIGNAL                            ,FOUR WAY INTERSECTION                             ,"TWO-WAY, DIVIDED, UNPROTECTED MEDIAN              ",REAR-END                                          ,COLLISION WITH MOTOR VEHICLE IN TRAFFIC           ,ROADWAY                                           ,25 ,N,0,0,0,2,0,0,0,0,0,0,0,,,,Y,42.3797,-71.0903,2,250173515003000
19036658,2019-06-29 09:31:00,Day Shift (8AM - 4PM),"306 MCGRATH HWY Somerville, MA",DAYLIGHT                                          ,RAIN                                              ,WET                                               ,NONE                                              ,NO CONTROLS                                       ,TRAFFIC CIRCLE                                    ,"ONE-WAY, NOT DIVIDED                              ",SINGLE VEHICLE CRASH                              ,COLLISION WITH CURB                               ,MEDIAN                                            ,25 ,N,0,0,1,0,1,0,0,0,0,0,0,,,,N,42.3791,-71.09,2,250173515003000
25029717,2025-05-29 08:00:00,Day Shift (8AM - 4PM),"320 MEDFORD ST Somerville, MA",DAYLIGHT                                          ,CLOUDY                                            ,DRY                                               ,NONE                                              ,NO CONTROLS                                       ,NOT AT INTERSECTION                               ,"TWO-WAY, NOT DIVIDED                              ",SINGLE VEHICLE CRASH                              ,COLLISION WITH PEDALCYCLE                         ,ROADWAY                                           ,25 ,N,0,0,0,1,2,0,0,1,0,1,0,MARKED CROSSWALK AT INTERSECTION                  ,ENTERING OR CROSSING SPECIFIED LOCATION           ,APPARENTLY NORMAL                                 ,N,42.3796,-71.0899,2,250173515003000
19054889,2019-09-23 20:10:00,First Half (4PM - Midnight),"182 WASHINGTON ST Somerville, MA",DARK - LIGHTED ROADWAY                            ,CLEAR                                             ,DRY                                               ,UNKNOWN                                           ,STOP SIGNS                                        ,T-INTERSECTION                                    ,"ONE-WAY, NOT DIVIDED                              ",HEAD ON                                           ,COLLISION WITH MOTOR VEHICLE IN TRAFFIC           ,ROADWAY                                           ,25 ,N,0,0,1,0,1,0,0,1,0,1,0,MARKED CROSSWALK AT INTERSECTION                  ,ENTERING OR CROSSING SPECIFIED LOCATION           ,APPARENTLY NORMAL                                 ,N,42.3797,-71.0903,2,250173515003000
21000855,2021-01-07 10:26:00,Day Shift (8AM - 4PM),"182 WASHINGTON ST Somerville, MA",DAYLIGHT                                          ,CLEAR                                             ,DRY                                               ,NONE                                              ,TRAFFIC CONTROL SIGNAL                            ,FOUR WAY INTERSECTION                             ,"TWO-WAY, DIVIDED, UNPROTECTED MEDIAN              ",ANGLE                                             ,COLLISION WITH MOTOR VEHICLE IN TRAFFIC           ,ROADWAY                                           ,25 ,N,0,0,1,0,2,0,0,0,0,0,0,,,,N,42.3797,-71.0903,2,250173515003000
22057657,2022-10-08 10:21:00,Day Shift (8AM - 4PM),"195 SOMERVILLE AV Somerville, MA",DAYLIGHT                                          ,CLEAR                                             ,DRY                                               ,NONE                                              ,STOP SIGNS                                        ,T-INTERSECTION                                    ,"TWO-WAY, DIVIDED, UNPROTECTED MEDIAN              ",ANGLE                                             ,COLLISION WITH MOTOR VEHICLE IN TRAFFIC           ,ROADWAY                                           ,20 ,N,0,0,0,1,2,0,0,0,0,0,0,,,,N,42.3778,-71.0904,2,250173515003001
22013666,2022-03-15 13:20:00,Day Shift (8AM - 4PM),"190 WASHINGTON STREET Somerville, MA",DAYLIGHT                                          ,CLEAR                                             ,DRY                                               ,NONE                                              ,NO CONTROLS                                       ,UNKNOWN                                           ,"TWO-WAY, NOT DIVIDED                              ",REAR-END                                          ,COLLISION WITH MOTOR VEHICLE IN TRAFFIC           ,ROADWAY                                           ,10 ,N,0,0,0,0,2,0,0,0,0,0,0,,,,N,42.3796,-71.0908,2,250173515003001
18068857,2018-11-20 15:06:00,Day Shift (8AM - 4PM),"198 WASHINGTON ST Somerville, MA",DAYLIGHT                                          ,RAIN                                              ,WET                                               ,NONE                                              ,NO CONTROLS                                       ,NOT AT INTERSECTION                               ,"TWO-WAY, DIVIDED, UNPROTECTED MEDIAN              ",ANGLE                                             ,COLLISION WITH MOTOR VEHICLE IN TRAFFIC           ,ROADWAY                                           ,25 ,N,0,0,1,0,3,0,0,0,0,0,0,,,,N,42.3795,-71.0911,2,250173515003001
20060010,2020-12-12 18:49:00,First Half (4PM - Midnight),"ROSSMORE ST & SOMERVILLE AV Somerville, MA",DARK - LIGHTED ROADWAY                            ,RAIN                                              ,WET                                               ,NONE                                              ,NO CONTROLS                                       ,T-INTERSECTION                                    ,"ONE-WAY, NOT DIVIDED                              ",SINGLE VEHICLE CRASH                              ,COLLISION WITH UTILITY POLE                       ,OUTSIDE ROADWAY                                   ,20 ,Y,0,0,0,0,2,0,0,0,0,0,0,,,,N,42.378,-71.091,2,250173515003001
24067675,2024-10-29 08:58:00,Day Shift (8AM - 4PM),"MANSFIELD ST & WASHINGTON ST Somerville, MA",DAYLIGHT                                          ,CLEAR                                             ,DRY                                               ,NONE                                              ,STOP SIGNS                                        ,T-INTERSECTION                                    ,"TWO-WAY, NOT DIVIDED                              ",ANGLE                                             ,COLLISION WITH MOTOR VEHICLE IN TRAFFIC           ,ROADWAY                                           ,25 ,N,0,0,0,0,4,0,0,0,0,0,0,,,,N,42.3799,-71.0907,2,250173515003001
23043393,2023-08-01 15:55:00,Day Shift (8AM - 4PM),"83 MERRIAM ST Somerville, MA",DAYLIGHT                                          ,CLEAR                                             ,DRY                                               ,NONE                                              ,NO CONTROLS                                       ,NOT AT INTERSECTION                               ,"ONE-WAY, NOT DIVIDED                              ","SIDESWIPE, SAME DIRECTION                         ",COLLISION WITH PARKED MOTOR VEHICLE               ,ROADWAY                                           ,25 ,N,0,0,0,0,3,0,0,0,0,0,0,,,,N,42.3792,-71.0918,2,250173515003002
24046066,2024-07-31 14:03:00,Day Shift (8AM - 4PM),"238 WASHINGTON ST Somerville, MA",DAYLIGHT                                          ,CLOUDY                                            ,DRY                                               ,NONE                                              ,NO CONTROLS                                       ,NOT AT INTERSECTION                               ,UNKNOWN                                           ,"SIDESWIPE, SAME DIRECTION                         ",COLLISION WITH PARKED MOTOR VEHICLE               ,OUTSIDE ROADWAY                                   ,25 ,N,0,0,0,0,3,0,0,0,0,0,0,,,,N,42.3793,-71.0936,2,250173515003003
19010886,2019-02-27 15:42:00,Day Shift (8AM - 4PM),"220 WASHINGTON ST Somerville, MA",DAYLIGHT                                          ,CLEAR                                             ,DRY                                               ,NONE                                              ,NO CONTROLS                                       ,T-INTERSECTION                                    ,"TWO-WAY, DIVIDED, UNPROTECTED MEDIAN              ",ANGLE                                             ,COLLISION WITH MOTOR VEHICLE IN TRAFFIC           ,ROADWAY                                           ,20 ,N,0,0,0,0,3,0,0,0,0,0,0,,,,N,42.379,-71.0924,2,250173515003003
23010915,2023-03-01 12:37:00,Day Shift (8AM - 4PM),"220 WASHINGTON ST Somerville, MA",DAYLIGHT                                          ,CLEAR                                             ,WET                                               ,NONE                                              ,NO CONTROLS                                       ,NOT AT INTERSECTION                               ,"TWO-WAY, NOT DIVIDED                              ",REAR-END                                          ,COLLISION WITH MOTOR VEHICLE IN TRAFFIC           ,ROADWAY                                           ,25 ,N,0,0,0,0,2,0,0,0,0,0,0,,,,N,42.379,-71.0924,2,250173515003003
23010737,2023-02-28 11:58:00,Day Shift (8AM - 4PM),"220 WASHINGTON ST Somerville, MA",DAYLIGHT                                          ,CLOUDY                                            ,WET                                               ,NONE                                              ,NO CONTROLS                                       ,NOT AT INTERSECTION                               ,"TWO-WAY, DIVIDED, UNPROTECTED MEDIAN              ",ANGLE                                             ,COLLISION WITH MOTOR VEHICLE IN TRAFFIC           ,ROADWAY                                           ,25 ,N,0,0,0,0,2,0,0,0,0,0,0,,,,N,42.379,-71.0924,2,250173515003003
24037599,2024-06-25 08:47:00,Day Shift (8AM - 4PM),"PROSPECT ST & SOMERVILLE AV Somerville, MA",DAYLIGHT                                          ,CLEAR                                             ,DRY                                               ,NONE                                              ,TRAFFIC CONTROL SIGNAL                            ,FOUR WAY INTERSECTION                             ,"TWO-WAY, NOT DIVIDED                              ",ANGLE                                             ,COLLISION WITH PEDALCYCLE                         ,ROADWAY                                           ,25 ,N,0,0,0,1,2,0,0,1,0,1,0,IN ROADWAY                                        ,"WALKING, RUNNING OR CYCLING                       ",APPARENTLY NORMAL                                 ,N,42.3791,-71.0941,2,250173515003003
18065958,2018-11-06 12:45:00,Day Shift (8AM - 4PM),"259 SOMERVILLE AV Somerville, MA",DAYLIGHT                                          ,CLOUDY                                            ,WET                                               ,NONE                                              ,NO CONTROLS                                       ,T-INTERSECTION                                    ,"TWO-WAY, NOT DIVIDED                              ",UNKNOWN                                           ,COLLISION WITH PEDESTRIAN                         ,ROADWAY                                           ,20 ,N,0,0,0,1,1,0,0,1,1,0,0,,,,N,42.379,-71.0932,2,250173515003003
25001803,2025-01-10 18:09:00,First Half (4PM - Midnight),"WASHINGTON ST & WASHINGTON TER Somerville, MA",DARK - ROADWAY NOT LIGHTED                        ,CLEAR                                             ,DRY                                               ,NONE                                              ,NO CONTROLS                                       ,T-INTERSECTION                                    ,"TWO-WAY, NOT DIVIDED                              ",ANGLE                                             ,COLLISION WITH MOPED                              ,ROADWAY                                           ,25 ,N,0,0,0,0,2,0,0,0,0,0,0,,,,N,42.3795,-71.0922,2,250173515003003
19026833,2019-05-16 08:24:00,Day Shift (8AM - 4PM),"PROSPECT ST & SOMERVILLE AV Somerville, MA",DAYLIGHT                                          ,CLEAR                                             ,DRY                                               ,NONE                                              ,TRAFFIC CONTROL SIGNAL                            ,FOUR WAY INTERSECTION                             ,"TWO-WAY, NOT DIVIDED                              ",ANGLE                                             ,COLLISION WITH PEDALCYCLE                         ,ROADWAY                                           ,25 ,N,0,0,0,0,3,0,0,1,0,1,0,IN ROADWAY                                        ,"WALKING, RUNNING OR CYCLING                       ",APPARENTLY NORMAL                                 ,N,42.3791,-71.0941,2,250173515003003
20015013,2020-03-16 21:29:00,First Half (4PM - Midnight),"PROSPECT ST & SOMERVILLE AV Somerville, MA",DARK - LIGHTED ROADWAY                            ,CLEAR                                             ,DRY                                               ,NONE                                              ,TRAFFIC CONTROL SIGNAL                            ,T-INTERSECTION                                    ,"TWO-WAY, NOT DIVIDED                              ",ANGLE                                             ,COLLISION WITH PEDALCYCLE                         ,ROADWAY                                           ,25 ,N,0,0,0,0,3,0,0,1,0,1,0,IN ROADWAY                                        ,"WALKING, RUNNING OR CYCLING                       ",APPARENTLY NORMAL                                 ,N,42.3791,-71.0941,2,250173515003003
24060543,2024-09-30 06:05:00,Last Half (Midnight - 8AM),"255 SOMERVILLE AV Somerville, MA",DUSK                                              ,CLEAR                                             ,DRY                                               ,NONE                                              ,NO CONTROLS                                       ,NOT AT INTERSECTION                               ,"TWO-WAY, NOT DIVIDED                              ",SINGLE VEHICLE CRASH                              ,OTHER NON-COLLISION                               ,OUTSIDE ROADWAY                                   ,25 ,N,0,0,0,0,1,0,0,0,0,0,0,,,,N,42.379,-71.0924,2,250173515003003
24007188,2024-02-08 08:17:00,Day Shift (8AM - 4PM),"220 WASHINGTON ST Somerville, MA",DAYLIGHT                                          ,CLEAR                                             ,DRY                                               ,NONE                                              ,NO CONTROLS                                       ,NOT AT INTERSECTION                               ,UNKNOWN                                           ,"SIDESWIPE, OPPOSITE DIRECTION                     ",COLLISION WITH PARKED MOTOR VEHICLE               ,OUTSIDE ROADWAY                                   ,20 ,N,0,0,0,0,3,0,0,0,0,0,0,,,,N,42.379,-71.0924,2,250173515003003
21054286,2021-10-15 09:05:00,Day Shift (8AM - 4PM),"PROSPECT ST & SOMERVILLE AV Somerville, MA",DAYLIGHT                                          ,CLEAR                                             ,DRY                                               ,NONE                                              ,TRAFFIC CONTROL SIGNAL                            ,FOUR WAY INTERSECTION                             ,"TWO-WAY, NOT DIVIDED                              ","SIDESWIPE, SAME DIRECTION                         ",COLLISION WITH MOTOR VEHICLE IN TRAFFIC           ,ROADWAY                                           ,25 ,Y,0,0,0,0,4,0,0,0,0,0,0,,,,N,42.3791,-71.0941,2,250173515003003
24073109,2024-11-21 11:38:00,Day Shift (8AM - 4PM),"220 WASHINGTON ST Somerville, MA",DAYLIGHT                                          ,RAIN                                              ,WET                                               ,NONE                                              ,NO CONTROLS                                       ,DRIVEWAY                                          ,"ONE-WAY, NOT DIVIDED                              ","SIDESWIPE, SAME DIRECTION                         ",COLLISION WITH PARKED MOTOR VEHICLE               ,OUTSIDE ROADWAY                                   ,0  ,N,0,0,0,0,1,0,0,0,0,0,0,,,,N,42.379,-71.0924,2,250173515003003
24008878,2024-02-16 16:54:00,First Half (4PM - Midnight),"269 SOMERVILLE AV Somerville, MA",DUSK                                              ,CLEAR                                             ,DRY                                               ,NONE                                              ,NO CONTROLS                                       ,NOT AT INTERSECTION                               ,"TWO-WAY, NOT DIVIDED                              ",SINGLE VEHICLE CRASH                              ,COLLISION WITH MOPED                              ,ROADWAY                                           ,20 ,N,0,0,1,0,1,0,0,0,0,0,0,,,,N,42.3791,-71.0935,2,250173515003003
19063798,2019-11-07 07:16:00,Last Half (Midnight - 8AM),"PROSPECT ST & SOMERVILLE AV Somerville, MA",DAYLIGHT                                          ,CLOUDY                                            ,DRY                                               ,NONE                                              ,TRAFFIC CONTROL SIGNAL                            ,T-INTERSECTION                                    ,"TWO-WAY, NOT DIVIDED                              ",SINGLE VEHICLE CRASH                              ,OTHER                                             ,ROADWAY                                           ,25 ,Y,0,0,0,0,2,0,0,0,0,0,0,,,,N,42.3791,-71.0941,2,250173515003003
23023529,2023-04-30 22:21:00,First Half (4PM - Midnight),"255 SOMERVILLE AV Somerville, MA",DARK - LIGHTED ROADWAY                            ,RAIN                                              ,WET                                               ,NONE                                              ,TRAFFIC CONTROL SIGNAL                            ,NOT AT INTERSECTION                               ,"TWO-WAY, NOT DIVIDED                              ",SINGLE VEHICLE CRASH                              ,COLLISION WITH PARKED MOTOR VEHICLE               ,ROADWAY                                           ,20 ,N,0,0,1,0,1,0,0,0,0,0,0,,,,N,42.379,-71.0924,2,250173515003003
23053252,2023-09-16 13:57:00,Day Shift (8AM - 4PM),"PROSPECT ST & SOMERVILLE AV Somerville, MA",DAYLIGHT                                          ,CLOUDY                                            ,DRY                                               ,NONE                                              ,TRAFFIC CONTROL SIGNAL                            ,FOUR WAY INTERSECTION                             ,"TWO-WAY, NOT DIVIDED                              ",REAR-END                                          ,COLLISION WITH MOTOR VEHICLE IN TRAFFIC           ,ROADWAY                                           ,25 ,N,0,0,0,2,3,0,0,0,0,0,0,,,,N,42.3791,-71.0941,2,250173515003003
19029251,2019-05-26 19:57:00,First Half (4PM - Midnight),"259 SOMERVILLE AV Somerville, MA",DUSK                                              ,CLEAR                                             ,DRY                                               ,NONE                                              ,NO CONTROLS                                       ,NOT AT INTERSECTION                               ,UNKNOWN                                           ,"SIDESWIPE, SAME DIRECTION                         ",COLLISION WITH PARKED MOTOR VEHICLE               ,OUTSIDE ROADWAY                                   ,15 ,N,0,0,0,0,2,0,0,0,0,0,0,,,,N,42.379,-71.0932,2,250173515003003
21043312,2021-08-20 07:13:00,Last Half (Midnight - 8AM),"220 WASHINGTON ST Somerville, MA",DAYLIGHT                                          ,RAIN                                              ,WET                                               ,OBSTRUCTION IN ROADWAY                            ,NO CONTROLS                                       ,NOT AT INTERSECTION                               ,"TWO-WAY, DIVIDED, UNPROTECTED MEDIAN              ","SIDESWIPE, SAME DIRECTION                         ",COLLISION WITH PARKED MOTOR VEHICLE               ,ROADWAY                                           ,20 ,N,0,0,0,0,3,0,0,0,0,0,0,,,,N,42.379,-71.0924,2,250173515003003
21057994,2021-11-03 20:57:00,First Half (4PM - Midnight),"238 WASHINGTON ST Somerville, MA",DARK - LIGHTED ROADWAY                            ,CLEAR                                             ,DRY                                               ,NONE                                              ,NO CONTROLS                                       ,NOT AT INTERSECTION                               ,"TWO-WAY, NOT DIVIDED                              ","SIDESWIPE, SAME DIRECTION                         ",COLLISION WITH MOTOR VEHICLE IN TRAFFIC           ,ROADWAY                                           ,25 ,N,0,0,0,0,2,0,0,0,0,0,0,,,,N,42.3793,-71.0936,2,250173515003003
18074912,2018-12-21 07:04:00,Last Half (Midnight - 8AM),"220 WASHINGTON ST Somerville, MA",DAYLIGHT                                          ,RAIN                                              ,WET                                               ,NONE                                              ,STOP SIGNS                                        ,T-INTERSECTION                                    ,"TWO-WAY, DIVIDED, UNPROTECTED MEDIAN              ",ANGLE                                             ,COLLISION WITH MOTOR VEHICLE IN TRAFFIC           ,ROADWAY                                           ,25 ,N,0,0,0,0,3,0,0,0,0,0,0,,,,N,42.379,-71.0924,2,250173515003003
25000752,2025-01-05 10:58:00,Day Shift (8AM - 4PM),"220 WASHINGTON ST Somerville, MA",DAYLIGHT                                          ,CLOUDY                                            ,DRY                                               ,NONE                                              ,NO CONTROLS                                       ,NOT AT INTERSECTION                               ,"TWO-WAY, NOT DIVIDED                              ",SINGLE VEHICLE CRASH                              ,COLLISION WITH LIGHT POLE OR OTHER POST/SUPPORT   ,OUTSIDE ROADWAY                                   ,25 ,N,0,0,0,0,2,0,0,0,0,0,0,,,,N,42.379,-71.0924,2,250173515003003
24013520,2024-03-10 11:40:00,Day Shift (8AM - 4PM),"220 WASHINGTON ST Somerville, MA",DAYLIGHT                                          ,CLEAR                                             ,DRY                                               ,NONE                                              ,NO CONTROLS                                       ,NOT AT INTERSECTION                               ,"TWO-WAY, NOT DIVIDED                              ",SINGLE VEHICLE CRASH                              ,OTHER                                             ,OUTSIDE ROADWAY                                   ,25 ,N,0,0,0,0,1,0,0,0,0,0,0,,,,N,42.379,-71.0924,2,250173515003003
22054229,2022-09-23 12:29:00,Day Shift (8AM - 4PM),"220 WASHINGTON ST Somerville, MA",DAYLIGHT                                          ,CLEAR                                             ,DRY                                               ,NONE                                              ,NO CONTROLS                                       ,NOT AT INTERSECTION                               ,"TWO-WAY, NOT DIVIDED                              ",REAR-END                                          ,COLLISION WITH MOTOR VEHICLE IN TRAFFIC           ,ROADWAY                                           ,25 ,N,0,0,0,3,1,0,0,0,0,0,0,,,,N,42.379,-71.0924,2,250173515003003
20027864,2020-06-01 09:35:00,Day Shift (8AM - 4PM),"PROSPECT ST & SOMERVILLE AV Somerville, MA",DAYLIGHT                                          ,CLEAR                                             ,DRY                                               ,OTHER                                             ,TRAFFIC CONTROL SIGNAL                            ,FOUR WAY INTERSECTION                             ,"TWO-WAY, NOT DIVIDED                              ",ANGLE                                             ,COLLISION WITH MOTOR VEHICLE IN TRAFFIC           ,ROADWAY                                           ,20 ,Y,0,0,0,0,3,0,0,0,0,0,0,,,,N,42.3791,-71.0941,2,250173515003003
18070671,2018-11-29 21:46:00,First Half (4PM - Midnight),"220 WASHINGTON ST Somerville, MA",DARK - LIGHTED ROADWAY                            ,CLOUDY                                            ,DRY                                               ,NONE                                              ,NO CONTROLS                                       ,T-INTERSECTION                                    ,"TWO-WAY, DIVIDED, UNPROTECTED MEDIAN              ",ANGLE                                             ,COLLISION WITH MOTOR VEHICLE IN TRAFFIC           ,ROADWAY                                           ,25 ,N,0,0,1,0,2,0,0,0,0,0,0,,,,N,42.379,-71.0924,2,250173515003003
20040213,2020-08-19 07:44:00,Last Half (Midnight - 8AM),"220 WASHINGTON ST Somerville, MA",DAYLIGHT                                          ,CLEAR                                             ,DRY                                               ,DEBRIS                                            ,NO CONTROLS                                       ,T-INTERSECTION                                    ,"TWO-WAY, NOT DIVIDED                              ",SINGLE VEHICLE CRASH                              ,OTHER NON-COLLISION                               ,ROADWAY                                           ,25 ,Y,0,0,1,0,0,0,0,0,0,0,0,,,,N,42.379,-71.0924,2,250173515003003